[
    {
        "times": [
            "13/10/2021 21:11:54",
            "13/10/2021 21:12:24"
        ]
    },
    {
        "Ethernet Frame 1": {
            "Description": "Destination: FF:FF:FF:FF:FF:FF, Source: 48:4D:7E:D8:DF:FE, Protocol: 1544",
            "Ethernet_Data": "\t   \\x00\\x01\\x08\\x00\\x06\\x04\\x00\\x01\\x48\\x4d\\x7e\\xd8\\xdf\\xfe\\xc0\\xa8\\x01\\x55\\x00\n\t   \\x00\\x00\\x00\\x00\\x00\\xc0\\xa8\\x01\\x01\\x00\\x00\\x00\\x00\\x00\\x00\\x00\\x00\\x00\\x00\n\t   \\x00\\x00\\x00\\x00\\x00\\x00\\x00\\x00"
        }
    },
    {
        "Ethernet Frame 2": {
            "Description": "Destination: FF:FF:FF:FF:FF:FF, Source: 48:4D:7E:D8:DF:FE, Protocol: 1544",
            "Ethernet_Data": "\t   \\x00\\x01\\x08\\x00\\x06\\x04\\x00\\x01\\x48\\x4d\\x7e\\xd8\\xdf\\xfe\\xc0\\xa8\\x01\\x55\\x00\n\t   \\x00\\x00\\x00\\x00\\x00\\xc0\\xa8\\x01\\x01\\x00\\x00\\x00\\x00\\x00\\x00\\x00\\x00\\x00\\x00\n\t   \\x00\\x00\\x00\\x00\\x00\\x00\\x00\\x00"
        }
    },
    {
        "Ethernet Frame 3": {
            "Description": "Destination: FF:FF:FF:FF:FF:FF, Source: 48:4D:7E:D8:DF:FE, Protocol: 1544",
            "Ethernet_Data": "\t   \\x00\\x01\\x08\\x00\\x06\\x04\\x00\\x01\\x48\\x4d\\x7e\\xd8\\xdf\\xfe\\xc0\\xa8\\x01\\x55\\x00\n\t   \\x00\\x00\\x00\\x00\\x00\\xc0\\xa8\\x01\\x01\\x00\\x00\\x00\\x00\\x00\\x00\\x00\\x00\\x00\\x00\n\t   \\x00\\x00\\x00\\x00\\x00\\x00\\x00\\x00"
        }
    },
    {
        "Ethernet Frame 4": {
            "Description": "Destination: 00:0C:29:BA:15:54, Source: E8:F7:24:B9:19:EE, Protocol: 8",
            "IPv4_Packet": "Version: 4, Header Length: 20, TTL: 126, Protocol: 6, Source: 10.146.36.193, Target: 10.152.164.67",
            "TCP_Segment": "Source Port: 59413, Destination Port: 135, Sequence: 2650869210, Acknowledgment: 0",
            "TCP_flags": "URG: 0, ACK: 0, PSH: 0, RST: 0, SYN: 1, FIN:0"
        }
    },
    {
        "Ethernet Frame 5": {
            "Description": "Destination: E8:F7:24:B9:19:EE, Source: 00:0C:29:BA:15:54, Protocol: 8",
            "IPv4_Packet": "Version: 4, Header Length: 20, TTL: 64, Protocol: 6, Source: 10.152.164.67, Target: 10.146.36.193",
            "TCP_Segment": "Source Port: 135, Destination Port: 59413, Sequence: 0, Acknowledgment: 2650869211",
            "TCP_flags": "URG: 0, ACK: 1, PSH: 0, RST: 1, SYN: 0, FIN:0"
        }
    },
    {
        "Ethernet Frame 6": {
            "Description": "Destination: 00:0C:29:BA:15:54, Source: E8:F7:24:B9:19:EE, Protocol: 8",
            "IPv4_Packet": "Version: 4, Header Length: 20, TTL: 126, Protocol: 6, Source: 10.146.36.193, Target: 10.152.164.67",
            "TCP_Segment": "Source Port: 59413, Destination Port: 135, Sequence: 2650869210, Acknowledgment: 0",
            "TCP_flags": "URG: 0, ACK: 0, PSH: 0, RST: 0, SYN: 1, FIN:0"
        }
    },
    {
        "Ethernet Frame 7": {
            "Description": "Destination: E8:F7:24:B9:19:EE, Source: 00:0C:29:BA:15:54, Protocol: 8",
            "IPv4_Packet": "Version: 4, Header Length: 20, TTL: 64, Protocol: 6, Source: 10.152.164.67, Target: 10.146.36.193",
            "TCP_Segment": "Source Port: 135, Destination Port: 59413, Sequence: 0, Acknowledgment: 2650869211",
            "TCP_flags": "URG: 0, ACK: 1, PSH: 0, RST: 1, SYN: 0, FIN:0"
        }
    },
    {
        "Ethernet Frame 8": {
            "Description": "Destination: 00:0C:29:BA:15:54, Source: E8:F7:24:B9:19:EE, Protocol: 8",
            "IPv4_Packet": "Version: 4, Header Length: 20, TTL: 126, Protocol: 6, Source: 10.146.36.193, Target: 10.152.164.67",
            "TCP_Segment": "Source Port: 59413, Destination Port: 135, Sequence: 2650869210, Acknowledgment: 0",
            "TCP_flags": "URG: 0, ACK: 0, PSH: 0, RST: 0, SYN: 1, FIN:0"
        }
    },
    {
        "Ethernet Frame 9": {
            "Description": "Destination: E8:F7:24:B9:19:EE, Source: 00:0C:29:BA:15:54, Protocol: 8",
            "IPv4_Packet": "Version: 4, Header Length: 20, TTL: 64, Protocol: 6, Source: 10.152.164.67, Target: 10.146.36.193",
            "TCP_Segment": "Source Port: 135, Destination Port: 59413, Sequence: 0, Acknowledgment: 2650869211",
            "TCP_flags": "URG: 0, ACK: 1, PSH: 0, RST: 1, SYN: 0, FIN:0"
        }
    },
    {
        "Ethernet Frame 10": {
            "Description": "Destination: 00:0C:29:BA:15:54, Source: E8:F7:24:B9:19:EE, Protocol: 8",
            "IPv4_Packet": "Version: 4, Header Length: 20, TTL: 126, Protocol: 6, Source: 10.146.36.193, Target: 10.152.164.67",
            "TCP_Segment": "Source Port: 59419, Destination Port: 445, Sequence: 1652992852, Acknowledgment: 0",
            "TCP_flags": "URG: 0, ACK: 0, PSH: 0, RST: 0, SYN: 1, FIN:0"
        }
    },
    {
        "Ethernet Frame 11": {
            "Description": "Destination: E8:F7:24:B9:19:EE, Source: 00:0C:29:BA:15:54, Protocol: 8",
            "IPv4_Packet": "Version: 4, Header Length: 20, TTL: 64, Protocol: 6, Source: 10.152.164.67, Target: 10.146.36.193",
            "TCP_Segment": "Source Port: 445, Destination Port: 59419, Sequence: 0, Acknowledgment: 1652992853",
            "TCP_flags": "URG: 0, ACK: 1, PSH: 0, RST: 1, SYN: 0, FIN:0"
        }
    },
    {
        "Ethernet Frame 12": {
            "Description": "Destination: 00:0C:29:BA:15:54, Source: E8:F7:24:B9:19:EE, Protocol: 8",
            "IPv4_Packet": "Version: 4, Header Length: 20, TTL: 126, Protocol: 6, Source: 10.146.36.193, Target: 10.152.164.67",
            "TCP_Segment": "Source Port: 59419, Destination Port: 445, Sequence: 1652992852, Acknowledgment: 0",
            "TCP_flags": "URG: 0, ACK: 0, PSH: 0, RST: 0, SYN: 1, FIN:0"
        }
    },
    {
        "Ethernet Frame 13": {
            "Description": "Destination: E8:F7:24:B9:19:EE, Source: 00:0C:29:BA:15:54, Protocol: 8",
            "IPv4_Packet": "Version: 4, Header Length: 20, TTL: 64, Protocol: 6, Source: 10.152.164.67, Target: 10.146.36.193",
            "TCP_Segment": "Source Port: 445, Destination Port: 59419, Sequence: 0, Acknowledgment: 1652992853",
            "TCP_flags": "URG: 0, ACK: 1, PSH: 0, RST: 1, SYN: 0, FIN:0"
        }
    },
    {
        "Ethernet Frame 14": {
            "Description": "Destination: FF:FF:FF:FF:FF:FF, Source: 48:4D:7E:D8:DF:FE, Protocol: 1544",
            "Ethernet_Data": "\t   \\x00\\x01\\x08\\x00\\x06\\x04\\x00\\x01\\x48\\x4d\\x7e\\xd8\\xdf\\xfe\\xc0\\xa8\\x01\\x55\\x00\n\t   \\x00\\x00\\x00\\x00\\x00\\xc0\\xa8\\x01\\x01\\x00\\x00\\x00\\x00\\x00\\x00\\x00\\x00\\x00\\x00\n\t   \\x00\\x00\\x00\\x00\\x00\\x00\\x00\\x00"
        }
    },
    {
        "Ethernet Frame 15": {
            "Description": "Destination: 00:0C:29:BA:15:54, Source: E8:F7:24:B9:19:EE, Protocol: 8",
            "IPv4_Packet": "Version: 4, Header Length: 20, TTL: 126, Protocol: 6, Source: 10.146.36.193, Target: 10.152.164.67",
            "TCP_Segment": "Source Port: 59419, Destination Port: 445, Sequence: 1652992852, Acknowledgment: 0",
            "TCP_flags": "URG: 0, ACK: 0, PSH: 0, RST: 0, SYN: 1, FIN:0"
        }
    },
    {
        "Ethernet Frame 16": {
            "Description": "Destination: E8:F7:24:B9:19:EE, Source: 00:0C:29:BA:15:54, Protocol: 8",
            "IPv4_Packet": "Version: 4, Header Length: 20, TTL: 64, Protocol: 6, Source: 10.152.164.67, Target: 10.146.36.193",
            "TCP_Segment": "Source Port: 445, Destination Port: 59419, Sequence: 0, Acknowledgment: 1652992853",
            "TCP_flags": "URG: 0, ACK: 1, PSH: 0, RST: 1, SYN: 0, FIN:0"
        }
    },
    {
        "Ethernet Frame 17": {
            "Description": "Destination: 00:0C:29:BA:15:54, Source: E8:F7:24:B9:19:EE, Protocol: 8",
            "IPv4_Packet": "Version: 4, Header Length: 20, TTL: 126, Protocol: 6, Source: 10.146.36.193, Target: 10.152.164.67",
            "TCP_Segment": "Source Port: 59425, Destination Port: 139, Sequence: 1396534397, Acknowledgment: 0",
            "TCP_flags": "URG: 0, ACK: 0, PSH: 0, RST: 0, SYN: 1, FIN:0"
        }
    },
    {
        "Ethernet Frame 18": {
            "Description": "Destination: E8:F7:24:B9:19:EE, Source: 00:0C:29:BA:15:54, Protocol: 8",
            "IPv4_Packet": "Version: 4, Header Length: 20, TTL: 64, Protocol: 6, Source: 10.152.164.67, Target: 10.146.36.193",
            "TCP_Segment": "Source Port: 139, Destination Port: 59425, Sequence: 0, Acknowledgment: 1396534398",
            "TCP_flags": "URG: 0, ACK: 1, PSH: 0, RST: 1, SYN: 0, FIN:0"
        }
    },
    {
        "Ethernet Frame 19": {
            "Description": "Destination: FF:FF:FF:FF:FF:FF, Source: 48:4D:7E:D8:DF:FE, Protocol: 1544",
            "Ethernet_Data": "\t   \\x00\\x01\\x08\\x00\\x06\\x04\\x00\\x01\\x48\\x4d\\x7e\\xd8\\xdf\\xfe\\xc0\\xa8\\x01\\x55\\x00\n\t   \\x00\\x00\\x00\\x00\\x00\\xc0\\xa8\\x01\\x01\\x00\\x00\\x00\\x00\\x00\\x00\\x00\\x00\\x00\\x00\n\t   \\x00\\x00\\x00\\x00\\x00\\x00\\x00\\x00"
        }
    },
    {
        "Ethernet Frame 20": {
            "Description": "Destination: FF:FF:FF:FF:FF:FF, Source: 48:4D:7E:D8:DF:FE, Protocol: 1544",
            "Ethernet_Data": "\t   \\x00\\x01\\x08\\x00\\x06\\x04\\x00\\x01\\x48\\x4d\\x7e\\xd8\\xdf\\xfe\\xc0\\xa8\\x01\\x55\\x00\n\t   \\x00\\x00\\x00\\x00\\x00\\xc0\\xa8\\x01\\x01\\x00\\x00\\x00\\x00\\x00\\x00\\x00\\x00\\x00\\x00\n\t   \\x00\\x00\\x00\\x00\\x00\\x00\\x00\\x00"
        }
    },
    {
        "Ethernet Frame 21": {
            "Description": "Destination: 00:0C:29:BA:15:54, Source: E8:F7:24:B9:19:EE, Protocol: 8",
            "IPv4_Packet": "Version: 4, Header Length: 20, TTL: 126, Protocol: 6, Source: 10.146.36.193, Target: 10.152.164.67",
            "TCP_Segment": "Source Port: 59425, Destination Port: 139, Sequence: 1396534397, Acknowledgment: 0",
            "TCP_flags": "URG: 0, ACK: 0, PSH: 0, RST: 0, SYN: 1, FIN:0"
        }
    },
    {
        "Ethernet Frame 22": {
            "Description": "Destination: E8:F7:24:B9:19:EE, Source: 00:0C:29:BA:15:54, Protocol: 8",
            "IPv4_Packet": "Version: 4, Header Length: 20, TTL: 64, Protocol: 6, Source: 10.152.164.67, Target: 10.146.36.193",
            "TCP_Segment": "Source Port: 139, Destination Port: 59425, Sequence: 0, Acknowledgment: 1396534398",
            "TCP_flags": "URG: 0, ACK: 1, PSH: 0, RST: 1, SYN: 0, FIN:0"
        }
    },
    {
        "Ethernet Frame 23": {
            "Description": "Destination: 00:0C:29:BA:15:54, Source: E8:F7:24:B9:19:EE, Protocol: 8",
            "IPv4_Packet": "Version: 4, Header Length: 20, TTL: 126, Protocol: 6, Source: 10.146.36.193, Target: 10.152.164.67",
            "TCP_Segment": "Source Port: 59425, Destination Port: 139, Sequence: 1396534397, Acknowledgment: 0",
            "TCP_flags": "URG: 0, ACK: 0, PSH: 0, RST: 0, SYN: 1, FIN:0"
        }
    },
    {
        "Ethernet Frame 24": {
            "Description": "Destination: E8:F7:24:B9:19:EE, Source: 00:0C:29:BA:15:54, Protocol: 8",
            "IPv4_Packet": "Version: 4, Header Length: 20, TTL: 64, Protocol: 6, Source: 10.152.164.67, Target: 10.146.36.193",
            "TCP_Segment": "Source Port: 139, Destination Port: 59425, Sequence: 0, Acknowledgment: 1396534398",
            "TCP_flags": "URG: 0, ACK: 1, PSH: 0, RST: 1, SYN: 0, FIN:0"
        }
    },
    {
        "Ethernet Frame 25": {
            "Description": "Destination: FF:FF:FF:FF:FF:FF, Source: 48:4D:7E:D8:DF:FE, Protocol: 1544",
            "Ethernet_Data": "\t   \\x00\\x01\\x08\\x00\\x06\\x04\\x00\\x01\\x48\\x4d\\x7e\\xd8\\xdf\\xfe\\xc0\\xa8\\x01\\x55\\x00\n\t   \\x00\\x00\\x00\\x00\\x00\\xc0\\xa8\\x01\\x01\\x00\\x00\\x00\\x00\\x00\\x00\\x00\\x00\\x00\\x00\n\t   \\x00\\x00\\x00\\x00\\x00\\x00\\x00\\x00"
        }
    },
    {
        "Ethernet Frame 26": {
            "Description": "Destination: E8:F7:24:B9:19:EE, Source: 00:0C:29:BA:15:54, Protocol: 1544",
            "Ethernet_Data": "\t   \\x00\\x01\\x08\\x00\\x06\\x04\\x00\\x01\\x00\\x0c\\x29\\xba\\x15\\x54\\x0a\\x98\\xa4\\x43\\x00\n\t   \\x00\\x00\\x00\\x00\\x00\\x0a\\x98\\xa4\\x01"
        }
    },
    {
        "Ethernet Frame 27": {
            "Description": "Destination: 00:0C:29:BA:15:54, Source: E8:F7:24:B9:19:EE, Protocol: 1544",
            "Ethernet_Data": "\t   \\x00\\x01\\x08\\x00\\x06\\x04\\x00\\x02\\xe8\\xf7\\x24\\xb9\\x19\\xee\\x0a\\x98\\xa4\\x01\\x00\n\t   \\x0c\\x29\\xba\\x15\\x54\\x0a\\x98\\xa4\\x43\\x00\\x00\\x00\\x00\\x00\\x00\\x00\\x00\\x00\\x00\n\t   \\x00\\x00\\x00\\x00\\x00\\x00\\x00\\x00"
        }
    },
    {
        "Ethernet Frame 28": {
            "Description": "Destination: FF:FF:FF:FF:FF:FF, Source: 48:4D:7E:D8:DF:FE, Protocol: 1544",
            "Ethernet_Data": "\t   \\x00\\x01\\x08\\x00\\x06\\x04\\x00\\x01\\x48\\x4d\\x7e\\xd8\\xdf\\xfe\\xc0\\xa8\\x01\\x55\\x00\n\t   \\x00\\x00\\x00\\x00\\x00\\xc0\\xa8\\x01\\x01\\x00\\x00\\x00\\x00\\x00\\x00\\x00\\x00\\x00\\x00\n\t   \\x00\\x00\\x00\\x00\\x00\\x00\\x00\\x00"
        }
    },
    {
        "Ethernet Frame 29": {
            "Description": "Destination: FF:FF:FF:FF:FF:FF, Source: 48:4D:7E:D8:DB:43, Protocol: 1544",
            "Ethernet_Data": "\t   \\x00\\x01\\x08\\x00\\x06\\x04\\x00\\x01\\x48\\x4d\\x7e\\xd8\\xdb\\x43\\xc0\\xa8\\x01\\x62\\x00\n\t   \\x00\\x00\\x00\\x00\\x00\\xc0\\xa8\\x01\\x01\\x00\\x00\\x00\\x00\\x00\\x00\\x00\\x00\\x00\\x00\n\t   \\x00\\x00\\x00\\x00\\x00\\x00\\x00\\x00"
        }
    },
    {
        "Ethernet Frame 30": {
            "Description": "Destination: FF:FF:FF:FF:FF:FF, Source: 48:4D:7E:D8:DF:FE, Protocol: 1544",
            "Ethernet_Data": "\t   \\x00\\x01\\x08\\x00\\x06\\x04\\x00\\x01\\x48\\x4d\\x7e\\xd8\\xdf\\xfe\\xc0\\xa8\\x01\\x55\\x00\n\t   \\x00\\x00\\x00\\x00\\x00\\xc0\\xa8\\x01\\x01\\x00\\x00\\x00\\x00\\x00\\x00\\x00\\x00\\x00\\x00\n\t   \\x00\\x00\\x00\\x00\\x00\\x00\\x00\\x00"
        }
    },
    {
        "Ethernet Frame 31": {
            "Description": "Destination: FF:FF:FF:FF:FF:FF, Source: 48:4D:7E:D8:DB:43, Protocol: 1544",
            "Ethernet_Data": "\t   \\x00\\x01\\x08\\x00\\x06\\x04\\x00\\x01\\x48\\x4d\\x7e\\xd8\\xdb\\x43\\xc0\\xa8\\x01\\x62\\x00\n\t   \\x00\\x00\\x00\\x00\\x00\\xc0\\xa8\\x01\\x01\\x00\\x00\\x00\\x00\\x00\\x00\\x00\\x00\\x00\\x00\n\t   \\x00\\x00\\x00\\x00\\x00\\x00\\x00\\x00"
        }
    },
    {
        "Ethernet Frame 32": {
            "Description": "Destination: FF:FF:FF:FF:FF:FF, Source: 48:4D:7E:D8:DF:FE, Protocol: 1544",
            "Ethernet_Data": "\t   \\x00\\x01\\x08\\x00\\x06\\x04\\x00\\x01\\x48\\x4d\\x7e\\xd8\\xdf\\xfe\\xc0\\xa8\\x01\\x55\\x00\n\t   \\x00\\x00\\x00\\x00\\x00\\xc0\\xa8\\x01\\x01\\x00\\x00\\x00\\x00\\x00\\x00\\x00\\x00\\x00\\x00\n\t   \\x00\\x00\\x00\\x00\\x00\\x00\\x00\\x00"
        }
    },
    {
        "Ethernet Frame 33": {
            "Description": "Destination: FF:FF:FF:FF:FF:FF, Source: 48:4D:7E:D8:DB:43, Protocol: 1544",
            "Ethernet_Data": "\t   \\x00\\x01\\x08\\x00\\x06\\x04\\x00\\x01\\x48\\x4d\\x7e\\xd8\\xdb\\x43\\xc0\\xa8\\x01\\x62\\x00\n\t   \\x00\\x00\\x00\\x00\\x00\\xc0\\xa8\\x01\\x01\\x00\\x00\\x00\\x00\\x00\\x00\\x00\\x00\\x00\\x00\n\t   \\x00\\x00\\x00\\x00\\x00\\x00\\x00\\x00"
        }
    },
    {
        "Ethernet Frame 34": {
            "Description": "Destination: 00:00:00:00:00:00, Source: 00:00:00:00:00:00, Protocol: 8",
            "IPv4_Packet": "Version: 4, Header Length: 20, TTL: 64, Protocol: 17, Source: 127.0.0.1, Target: 127.0.0.53",
            "UDP_Segment": "Source Port: 45884, Destination Port: 53, Length: 65157"
        }
    },
    {
        "Ethernet Frame 35": {
            "Description": "Destination: 00:00:00:00:00:00, Source: 00:00:00:00:00:00, Protocol: 8",
            "IPv4_Packet": "Version: 4, Header Length: 20, TTL: 64, Protocol: 17, Source: 127.0.0.1, Target: 127.0.0.53",
            "UDP_Segment": "Source Port: 45884, Destination Port: 53, Length: 65157"
        }
    },
    {
        "Ethernet Frame 36": {
            "Description": "Destination: 00:00:00:00:00:00, Source: 00:00:00:00:00:00, Protocol: 8",
            "IPv4_Packet": "Version: 4, Header Length: 20, TTL: 64, Protocol: 17, Source: 127.0.0.1, Target: 127.0.0.53",
            "UDP_Segment": "Source Port: 45884, Destination Port: 53, Length: 65157"
        }
    },
    {
        "Ethernet Frame 37": {
            "Description": "Destination: 00:00:00:00:00:00, Source: 00:00:00:00:00:00, Protocol: 8",
            "IPv4_Packet": "Version: 4, Header Length: 20, TTL: 64, Protocol: 17, Source: 127.0.0.1, Target: 127.0.0.53",
            "UDP_Segment": "Source Port: 45884, Destination Port: 53, Length: 65157"
        }
    },
    {
        "Ethernet Frame 38": {
            "Description": "Destination: E8:F7:24:B9:19:EE, Source: 00:0C:29:BA:15:54, Protocol: 8",
            "IPv4_Packet": "Version: 4, Header Length: 20, TTL: 64, Protocol: 17, Source: 10.152.164.67, Target: 10.146.36.100",
            "UDP_Segment": "Source Port: 58648, Destination Port: 53, Length: 56876"
        }
    },
    {
        "Ethernet Frame 39": {
            "Description": "Destination: E8:F7:24:B9:19:EE, Source: 00:0C:29:BA:15:54, Protocol: 8",
            "IPv4_Packet": "Version: 4, Header Length: 20, TTL: 64, Protocol: 17, Source: 10.152.164.67, Target: 10.146.36.100",
            "UDP_Segment": "Source Port: 60147, Destination Port: 53, Length: 56876"
        }
    },
    {
        "Ethernet Frame 40": {
            "Description": "Destination: 00:0C:29:BA:15:54, Source: E8:F7:24:B9:19:EE, Protocol: 8",
            "IPv4_Packet": "Version: 4, Header Length: 20, TTL: 126, Protocol: 17, Source: 10.146.36.100, Target: 10.152.164.67",
            "UDP_Segment": "Source Port: 53, Destination Port: 58648, Length: 62459"
        }
    },
    {
        "Ethernet Frame 41": {
            "Description": "Destination: 00:00:00:00:00:00, Source: 00:00:00:00:00:00, Protocol: 8",
            "IPv4_Packet": "Version: 4, Header Length: 20, TTL: 64, Protocol: 17, Source: 127.0.0.53, Target: 127.0.0.1",
            "UDP_Segment": "Source Port: 53, Destination Port: 45884, Length: 65224"
        }
    },
    {
        "Ethernet Frame 42": {
            "Description": "Destination: 00:00:00:00:00:00, Source: 00:00:00:00:00:00, Protocol: 8",
            "IPv4_Packet": "Version: 4, Header Length: 20, TTL: 64, Protocol: 17, Source: 127.0.0.53, Target: 127.0.0.1",
            "UDP_Segment": "Source Port: 53, Destination Port: 45884, Length: 65224"
        }
    },
    {
        "Ethernet Frame 43": {
            "Description": "Destination: 00:0C:29:BA:15:54, Source: E8:F7:24:B9:19:EE, Protocol: 8",
            "IPv4_Packet": "Version: 4, Header Length: 20, TTL: 126, Protocol: 17, Source: 10.146.36.100, Target: 10.152.164.67",
            "UDP_Segment": "Source Port: 53, Destination Port: 60147, Length: 33471"
        }
    },
    {
        "Ethernet Frame 44": {
            "Description": "Destination: 00:00:00:00:00:00, Source: 00:00:00:00:00:00, Protocol: 8",
            "IPv4_Packet": "Version: 4, Header Length: 20, TTL: 64, Protocol: 17, Source: 127.0.0.53, Target: 127.0.0.1",
            "UDP_Segment": "Source Port: 53, Destination Port: 45884, Length: 65208"
        }
    },
    {
        "Ethernet Frame 45": {
            "Description": "Destination: 00:00:00:00:00:00, Source: 00:00:00:00:00:00, Protocol: 8",
            "IPv4_Packet": "Version: 4, Header Length: 20, TTL: 64, Protocol: 17, Source: 127.0.0.53, Target: 127.0.0.1",
            "UDP_Segment": "Source Port: 53, Destination Port: 45884, Length: 65208"
        }
    },
    {
        "Ethernet Frame 46": {
            "Description": "Destination: E8:F7:24:B9:19:EE, Source: 00:0C:29:BA:15:54, Protocol: 8",
            "IPv4_Packet": "Version: 4, Header Length: 20, TTL: 64, Protocol: 6, Source: 10.152.164.67, Target: 64.4.54.254",
            "TCP_Segment": "Source Port: 54750, Destination Port: 443, Sequence: 1694437618, Acknowledgment: 0",
            "TCP_flags": "URG: 0, ACK: 0, PSH: 0, RST: 0, SYN: 1, FIN:0"
        }
    },
    {
        "Ethernet Frame 47": {
            "Description": "Destination: 00:0C:29:BA:15:54, Source: E8:F7:24:B9:19:EE, Protocol: 8",
            "IPv4_Packet": "Version: 4, Header Length: 20, TTL: 106, Protocol: 6, Source: 64.4.54.254, Target: 10.152.164.67",
            "TCP_Segment": "Source Port: 443, Destination Port: 54750, Sequence: 2228458820, Acknowledgment: 1694437619",
            "TCP_flags": "URG: 0, ACK: 1, PSH: 0, RST: 0, SYN: 1, FIN:0"
        }
    },
    {
        "Ethernet Frame 48": {
            "Description": "Destination: E8:F7:24:B9:19:EE, Source: 00:0C:29:BA:15:54, Protocol: 8",
            "IPv4_Packet": "Version: 4, Header Length: 20, TTL: 64, Protocol: 6, Source: 10.152.164.67, Target: 64.4.54.254",
            "TCP_Segment": "Source Port: 54750, Destination Port: 443, Sequence: 1694437619, Acknowledgment: 2228458821",
            "TCP_flags": "URG: 0, ACK: 1, PSH: 0, RST: 0, SYN: 0, FIN:0"
        }
    },
    {
        "Ethernet Frame 49": {
            "Description": "Destination: E8:F7:24:B9:19:EE, Source: 00:0C:29:BA:15:54, Protocol: 8",
            "IPv4_Packet": "Version: 4, Header Length: 20, TTL: 64, Protocol: 6, Source: 10.152.164.67, Target: 64.4.54.254",
            "TCP_Segment": "Source Port: 54750, Destination Port: 443, Sequence: 1694437619, Acknowledgment: 2228458821",
            "TCP_flags": "URG: 0, ACK: 1, PSH: 1, RST: 0, SYN: 0, FIN:0",
            "TCP_Data": "\t\t\t   \\x16\\x03\\x01\\x02\\x00\\x01\\x00\\x01\\xfc\\x03\\x03\\xd6\\xcc\\x79\\x48\\x31\\x78\\x6a\\x\n\t\t\t   f8\\xab\\x49\\x8b\\x3b\\x41\\x4d\\x26\\x43\\x3a\\x23\\x3a\\x8b\\x47\\x13\\xee\\x1c\\xf9\\xed\n\t\t\t   \\xe4\\xdd\\xb0\\x44\\x2c\\x7f\\x20\\xd6\\x37\\x00\\x00\\x7d\\xa2\\xb7\\x77\\xd4\\xa2\\x8d\\x\n\t\t\t   f1\\x99\\x79\\x60\\xb7\\x37\\x4e\\x30\\xb6\\x23\\x1a\\xfd\\x93\\xcc\\x94\\xd1\\x5b\\xd7\\xd1\n\t\t\t   \\x05\\x53\\x00\\x24\\x13\\x03\\x13\\x01\\x13\\x02\\xc0\\x2f\\xc0\\x2b\\xc0\\x30\\xc0\\x2c\\x\n\t\t\t   cc\\xa9\\xcc\\xa8\\xc0\\x09\\xc0\\x13\\xc0\\x0a\\xc0\\x14\\x00\\x9c\\x00\\x9d\\x00\\x2f\\x00\n\t\t\t   \\x35\\x00\\x0a\\x01\\x00\\x01\\x8f\\x00\\x00\\x00\\x1e\\x00\\x1c\\x00\\x00\\x19\\x76\\x6f\\x\n\t\t\t   72\\x74\\x65\\x78\\x2e\\x64\\x61\\x74\\x61\\x2e\\x6d\\x69\\x63\\x72\\x6f\\x73\\x6f\\x66\\x74\n\t\t\t   \\x2e\\x63\\x6f\\x6d\\x00\\x17\\x00\\x00\\xff\\x01\\x00\\x01\\x00\\x00\\x0a\\x00\\x08\\x00\\x\n\t\t\t   06\\x00\\x1d\\x00\\x17\\x00\\x18\\x00\\x0b\\x00\\x02\\x01\\x00\\x00\\x23\\x00\\x00\\x00\\x0d\n\t\t\t   \\x00\\x14\\x00\\x12\\x04\\x03\\x08\\x04\\x04\\x01\\x05\\x03\\x08\\x05\\x05\\x01\\x08\\x06\\x\n\t\t\t   06\\x01\\x02\\x01\\x00\\x33\\x00\\x26\\x00\\x24\\x00\\x1d\\x00\\x20\\x50\\x95\\x63\\x51\\xfd\n\t\t\t   \\xcc\\x3f\\xb1\\x8d\\x74\\xc5\\x9c\\x2d\\x40\\x0e\\x89\\xd3\\x31\\xbc\\xfd\\xff\\xae\\x9d\\x\n\t\t\t   90\\xed\\x9b\\xf3\\xd0\\x61\\x1d\\xb4\\x47\\x00\\x2d\\x00\\x02\\x01\\x01\\x00\\x2b\\x00\\x05\n\t\t\t   \\x04\\x03\\x04\\x03\\x03\\x00\\x15\\x00\\xf9\\x00\\x00\\x00\\x00\\x00\\x00\\x00\\x00\\x00\\x\n\t\t\t   00\\x00\\x00\\x00\\x00\\x00\\x00\\x00\\x00\\x00\\x00\\x00\\x00\\x00\\x00\\x00\\x00\\x00\\x00\n\t\t\t   \\x00\\x00\\x00\\x00\\x00\\x00\\x00\\x00\\x00\\x00\\x00\\x00\\x00\\x00\\x00\\x00\\x00\\x00\\x\n\t\t\t   00\\x00\\x00\\x00\\x00\\x00\\x00\\x00\\x00\\x00\\x00\\x00\\x00\\x00\\x00\\x00\\x00\\x00\\x00\n\t\t\t   \\x00\\x00\\x00\\x00\\x00\\x00\\x00\\x00\\x00\\x00\\x00\\x00\\x00\\x00\\x00\\x00\\x00\\x00\\x\n\t\t\t   00\\x00\\x00\\x00\\x00\\x00\\x00\\x00\\x00\\x00\\x00\\x00\\x00\\x00\\x00\\x00\\x00\\x00\\x00\n\t\t\t   \\x00\\x00\\x00\\x00\\x00\\x00\\x00\\x00\\x00\\x00\\x00\\x00\\x00\\x00\\x00\\x00\\x00\\x00\\x\n\t\t\t   00\\x00\\x00\\x00\\x00\\x00\\x00\\x00\\x00\\x00\\x00\\x00\\x00\\x00\\x00\\x00\\x00\\x00\\x00\n\t\t\t   \\x00\\x00\\x00\\x00\\x00\\x00\\x00\\x00\\x00\\x00\\x00\\x00\\x00\\x00\\x00\\x00\\x00\\x00\\x\n\t\t\t   00\\x00\\x00\\x00\\x00\\x00\\x00\\x00\\x00\\x00\\x00\\x00\\x00\\x00\\x00\\x00\\x00\\x00\\x00\n\t\t\t   \\x00\\x00\\x00\\x00\\x00\\x00\\x00\\x00\\x00\\x00\\x00\\x00\\x00\\x00\\x00\\x00\\x00\\x00\\x\n\t\t\t   00\\x00\\x00\\x00\\x00\\x00\\x00\\x00\\x00\\x00\\x00\\x00\\x00\\x00\\x00\\x00\\x00\\x00\\x00\n\t\t\t   \\x00\\x00\\x00\\x00\\x00\\x00\\x00\\x00\\x00\\x00\\x00\\x00\\x00\\x00\\x00\\x00\\x00\\x00\\x\n\t\t\t   00\\x00\\x00\\x00\\x00\\x00\\x00\\x00\\x00\\x00\\x00\\x00\\x00\\x00\\x00\\x00\\x00\\x00"
        }
    },
    {
        "Ethernet Frame 50": {
            "Description": "Destination: 00:0C:29:BA:15:54, Source: E8:F7:24:B9:19:EE, Protocol: 8",
            "IPv4_Packet": "Version: 4, Header Length: 20, TTL: 107, Protocol: 6, Source: 64.4.54.254, Target: 10.152.164.67",
            "TCP_Segment": "Source Port: 443, Destination Port: 54750, Sequence: 2228458821, Acknowledgment: 1694438136",
            "TCP_flags": "URG: 0, ACK: 1, PSH: 1, RST: 0, SYN: 0, FIN:0",
            "TCP_Data": "\t\t\t   \\x16\\x03\\x03\\x0f\\x2f\\x02\\x00\\x00\\x51\\x03\\x03\\x61\\x67\\xae\\x18\\x01\\x1a\\x9f\\x\n\t\t\t   ca\\x0a\\x1f\\x11\\xfb\\x0d\\x9e\\xc3\\x85\\xff\\xd9\\x44\\x9b\\xd4\\xd5\\x14\\x14\\xdf\\x78\n\t\t\t   \\x6a\\x21\\x67\\x7c\\x1c\\x8c\\x20\\x50\\x44\\x00\\x00\\x56\\xb8\\x4d\\x66\\xe0\\x71\\x27\\x\n\t\t\t   86\\x7b\\x6e\\x89\\x97\\xbb\\x87\\xbc\\x6a\\x1d\\x70\\xc6\\x34\\xc4\\x08\\xef\\x5e\\xa5\\x0a\n\t\t\t   \\xc7\\x57\\xc0\\x2f\\x00\\x00\\x09\\x00\\x17\\x00\\x00\\xff\\x01\\x00\\x01\\x00\\x0b\\x00\\x\n\t\t\t   0d\\xa6\\x00\\x0d\\xa3\\x00\\x08\\x3f\\x30\\x82\\x08\\x3b\\x30\\x82\\x06\\x23\\xa0\\x03\\x02\n\t\t\t   \\x01\\x02\\x02\\x13\\x12\\x00\\x15\\xc2\\x19\\x8c\\x2b\\x7d\\x56\\xcf\\x85\\x2b\\x6c\\x00\\x\n\t\t\t   00\\x00\\x15\\xc2\\x19\\x30\\x0d\\x06\\x09\\x2a\\x86\\x48\\x86\\xf7\\x0d\\x01\\x01\\x0b\\x05\n\t\t\t   \\x00\\x30\\x4f\\x31\\x0b\\x30\\x09\\x06\\x03\\x55\\x04\\x06\\x13\\x02\\x55\\x53\\x31\\x1e\\x\n\t\t\t   30\\x1c\\x06\\x03\\x55\\x04\\x0a\\x13\\x15\\x4d\\x69\\x63\\x72\\x6f\\x73\\x6f\\x66\\x74\\x20\n\t\t\t   \\x43\\x6f\\x72\\x70\\x6f\\x72\\x61\\x74\\x69\\x6f\\x6e\\x31\\x20\\x30\\x1e\\x06\\x03\\x55\\x\n\t\t\t   04\\x03\\x13\\x17\\x4d\\x69\\x63\\x72\\x6f\\x73\\x6f\\x66\\x74\\x20\\x52\\x53\\x41\\x20\\x54\n\t\t\t   \\x4c\\x53\\x20\\x43\\x41\\x20\\x30\\x31\\x30\\x1e\\x17\\x0d\\x32\\x31\\x30\\x38\\x30\\x36\\x\n\t\t\t   32\\x31\\x31\\x39\\x35\\x38\\x5a\\x17\\x0d\\x32\\x32\\x30\\x38\\x30\\x36\\x32\\x31\\x31\\x39\n\t\t\t   \\x35\\x38\\x5a\\x30\\x26\\x31\\x24\\x30\\x22\\x06\\x03\\x55\\x04\\x03\\x0c\\x1b\\x2a\\x2e\\x\n\t\t\t   76\\x6f\\x72\\x74\\x65\\x78\\x2e\\x64\\x61\\x74\\x61\\x2e\\x6d\\x69\\x63\\x72\\x6f\\x73\\x6f\n\t\t\t   \\x66\\x74\\x2e\\x63\\x6f\\x6d\\x30\\x82\\x01\\x22\\x30\\x0d\\x06\\x09\\x2a\\x86\\x48\\x86\\x\n\t\t\t   f7\\x0d\\x01\\x01\\x01\\x05\\x00\\x03\\x82\\x01\\x0f\\x00\\x30\\x82\\x01\\x0a\\x02\\x82\\x01\n\t\t\t   \\x01\\x00\\xd0\\x5a\\x5e\\xe7\\xd8\\xf8\\x43\\xd5\\x45\\xae\\x89\\xe8\\x1b\\x60\\xc5\\x56\\x\n\t\t\t   ab\\xb4\\xf3\\x6d\\xc4\\x6c\\x6b\\xdc\\x13\\x36\\x5e\\x1f\\x8b\\x00\\x5e\\x41\\x0d\\x8e\\xcc\n\t\t\t   \\x73\\x35\\xe5\\x6a\\x55\\xdf\\x3d\\x39\\x33\\x2e\\x07\\xc9\\x78\\x32\\xbb\\xa9\\x0d\\x40\\x\n\t\t\t   be\\x5c\\x7a\\xc5\\x63\\xad\\x39\\xbc\\x15\\xe7\\xb9\\xc5\\xf5\\x8d\\xbb\\xf9\\x84\\x60\\xee\n\t\t\t   \\xad\\x42\\xc0\\x7c\\x6c\\xd0\\x65\\x9a\\x00\\xa2\\xeb\\x3e\\x05\\x74\\x41\\x2b\\x5e\\x0b\\x\n\t\t\t   fe\\xd1\\x5c\\xf3\\xb0\\xbf\\x08\\xaa\\x52\\x7e\\xfa\\xda\\x5e\\x99\\xa4\\xf5\\xbc\\x56\\x2e\n\t\t\t   \\x49\\xd7\\xcd\\x29\\x75\\xe7\\xd5\\xe0\\x6e\\x13\\x3a\\x2a\\x49\\xdb\\x0f\\xc0\\x8c\\xe7\\x\n\t\t\t   33\\x5b\\xe0\\x44\\x2e\\x07\\x84\\x71\\x03\\x73\\x4f\\x65\\xda\\xa3\\x46\\xa2\\xde\\xc8\\x13\n\t\t\t   \\x62\\x3b\\x13\\x2b\\xd5\\x4a\\x74\\xd4\\xba\\xca\\x85\\x81\\xc1\\x75\\x4a\\x5b\\x7e\\x9a\\x\n\t\t\t   db\\x22\\x39\\xfd\\xc7\\x1e\\xf6\\x64\\x52\\x3c\\x7a\\xd9\\x9e\\xfd\\xd9\\x9d\\x03\\x05\\x35\n\t\t\t   \\x2a\\x8d\\x24\\xdc\\x6e\\xdd\\xd6\\x09\\x46\\xe0\\x0a\\x2c\\xd0\\xf2\\x12\\xc6\\xcc\\x59\\x\n\t\t\t   55\\x1e\\x7c\\x87\\x5a\\xbd\\x16\\xcb\\x94\\x0b\\x5b\\xca\\x02\\x71\\xcf\\x5d\\x7e\\xcd\\x74\n\t\t\t   \\x3c\\xee\\xfd\\x34\\x50\\x2d\\xb3\\xe3\\x46\\x0c\\xc4\\x1b\\x10\\x11\\x8c\\xc2\\xba\\xc0\\x\n\t\t\t   b6\\xec\\x14\\xe8\\x9e\\xc7\\x6e\\xa2\\x20\\xbd\\xe7\\x7e\\x7b\\x9c\\xf9\\x49\\x5b\\x21\\x02\n\t\t\t   \\x03\\x01\\x00\\x01\\xa3\\x82\\x04\\x37\\x30\\x82\\x04\\x33\\x30\\x82\\x01\\x7e\\x06\\x0a\\x\n\t\t\t   2b\\x06\\x01\\x04\\x01\\xd6\\x79\\x02\\x04\\x02\\x04\\x82\\x01\\x6e\\x04\\x82\\x01\\x6a\\x01\n\t\t\t   \\x68\\x00\\x76\\x00\\x29\\x79\\xbe\\xf0\\x9e\\x39\\x39\\x21\\xf0\\x56\\x73\\x9f\\x63\\xa5\\x\n\t\t\t   77\\xe5\\xbe\\x57\\x7d\\x9c\\x60\\x0a\\xf8\\xf9\\x4d\\x5d\\x26\\x5c\\x25\\x5d\\xc7\\x84\\x00\n\t\t\t   \\x00\\x01\\x7b\\x1d\\x5f\\x7e\\xf6\\x00\\x00\\x04\\x03\\x00\\x47\\x30\\x45\\x02\\x20\\x33\\x\n\t\t\t   fa\\x45\\xc3\\xd3\\x6b\\xa9\\x34\\xf8\\x94\\x7f\\x62\\x99\\x37\\x70\\x37\\xb8\\x98\\xef\\xe8\n\t\t\t   \\x96\\xf9\\x09\\x7f\\x7f\\xed\\xab\\xd6\\x93\\xbf\\x58\\xbb\\x02\\x21\\x00\\xd0\\x8d\\x1e\\x\n\t\t\t   41\\xfd\\x8b\\x72\\x91\\xaa\\xc3\\x1b\\x5e\\xa6\\xa3\\x22\\x35\\xc8\\xd1\\x99\\x15\\x28\\xd8\n\t\t\t   \\x84\\xfd\\xd4\\xe4\\x08\\x53\\x60\\x8c\\xa5\\xd5\\x00\\x76\\x00\\x41\\xc8\\xca\\xb1\\xdf\\x\n\t\t\t   22\\x46\\x4a\\x10\\xc6\\xa1\\x3a\\x09\\x42\\x87\\x5e\\x4e\\x31\\x8b\\x1b\\x03\\xeb\\xeb\\x4b\n\t\t\t   \\xc7\\x68\\xf0\\x90\\x62\\x96\\x06\\xf6\\x00\\x00\\x01\\x7b\\x1d\\x5f\\x7f\\x01\\x00\\x00\\x\n\t\t\t   04\\x03\\x00\\x47\\x30\\x45\\x02\\x20\\x31\\x66\\x9f\\x84\\x89\\xf9\\x85\\x7b\\x80\\xe8\\xd9\n\t\t\t   \\x7e\\xa7\\xcd\\xf4\\x8f\\xf1\\xbf\\xcf\\x85\\xcc\\x0f\\x57\\x40\\xad\\xb4\\xde\\x05\\x72\\x\n\t\t\t   9a\\x52\\xa9\\x02\\x21\\x00\\xa5\\x7a\\x87\\xeb\\x09\\x29\\x0d\\x70\\x96\\xfa\\x02\\x0d\\xb8\n\t\t\t   \\xb4\\x48\\xa9\\xcb\\x99\\x86\\xd1\\xdd\\xef\\xd2\\x69\\x79\\xe2\\xbd\\xcc\\x5a\\x5f\\x57\\x\n\t\t\t   3e\\x00\\x76\\x00\\x55\\x81\\xd4\\xc2\\x16\\x90\\x36\\x01\\x4a\\xea\\x0b\\x9b\\x57\\x3c\\x53\n\t\t\t   \\xf0\\xc0\\xe4\\x38\\x78\\x70\\x25\\x08\\x17\\x2f\\xa3\\xaa\\x1d\\x07\\x13\\xd3\\x0c\\x00\\x\n\t\t\t   00\\x01\\x7b\\x1d\\x5f\\x7f\\xb8\\x00\\x00\\x04\\x03\\x00\\x47\\x30\\x45\\x02\\x20\\x36\\xbc\n\t\t\t   \\x64\\x14\\x60\\xe6\\x97\\x8b\\xce\\x19\\x75\\x84\\xee\\x4e\\x91\\x71\\x47\\x7f\\x9b\\xe2\\x\n\t\t\t   ae\\xe0\\xee\\x98\\xc8\\x9d\\x30\\x9b\\x7e\\x2d\\x98\\x04\\x02\\x21\\x00\\xa0\\x23\\xe6\\x71\n\t\t\t   \\x03\\x36\\xb2\\x9f\\x6f\\x02\\x45\\x6f\\x7a\\x6e\\xcb\\xc8\\x78\\x33\\x82\\x60\\x04\\x2a\\x\n\t\t\t   91\\x8f\\xa0\\xdd\\xf9\\x00\\xb6\\xd0\\x33\\x72\\x30\\x27\\x06\\x09\\x2b\\x06\\x01\\x04\\x01\n\t\t\t   \\x82\\x37\\x15\\x0a\\x04\\x1a\\x30\\x18\\x30\\x0a\\x06\\x08\\x2b\\x06\\x01\\x05\\x05\\x07\\x\n\t\t\t   03\\x01\\x30\\x0a\\x06\\x08\\x2b\\x06\\x01\\x05\\x05\\x07\\x03\\x02\\x30\\x3e\\x06\\x09\\x2b\n\t\t\t   \\x06\\x01\\x04\\x01\\x82\\x37\\x15\\x07\\x04\\x31\\x30\\x2f\\x06\\x27\\x2b\\x06\\x01\\x04\\x\n\t\t\t   01\\x82\\x37\\x15\\x08\\x87\\xda\\x86\\x75\\x83\\xee\\xd9\\x01\\x82\\xc9\\x85\\x1b\\x81\\xb5\n\t\t\t   \\x9e\\x61\\x85\\xf4\\xeb\\x60\\x81\\x5d\\x85\\x86\\x8e\\x41\\x87\\xc2\\x98\\x50\\x02\\x01\\x\n\t\t\t   64\\x02\\x01\\x27\\x30\\x81\\x87\\x06\\x08\\x2b\\x06\\x01\\x05\\x05\\x07\\x01\\x01\\x04\\x7b\n\t\t\t   \\x30\\x79\\x30\\x53\\x06\\x08\\x2b\\x06\\x01\\x05\\x05\\x07\\x30\\x02\\x86\\x47\\x68\\x74\\x\n\t\t\t   74\\x70\\x3a\\x2f\\x2f\\x77\\x77\\x77\\x2e\\x6d\\x69\\x63\\x72\\x6f\\x73\\x6f\\x66\\x74\\x2e\n\t\t\t   \\x63\\x6f\\x6d\\x2f\\x70\\x6b\\x69\\x2f\\x6d\\x73\\x63\\x6f\\x72\\x70\\x2f\\x4d\\x69\\x63\\x\n\t\t\t   72\\x6f\\x73\\x6f\\x66\\x74\\x25\\x32\\x30\\x52\\x53\\x41\\x25\\x32\\x30\\x54\\x4c\\x53\\x25\n\t\t\t   \\x32\\x30\\x43\\x41\\x25\\x32\\x30\\x30\\x31\\x2e\\x63\\x72\\x74\\x30\\x22\\x06\\x08\\x2b\\x\n\t\t\t   06\\x01\\x05\\x05\\x07\\x30\\x01\\x86\\x16\\x68\\x74\\x74\\x70\\x3a\\x2f\\x2f\\x6f\\x63\\x73\n\t\t\t   \\x70\\x2e\\x6d\\x73\\x6f\\x63\\x73\\x70\\x2e\\x63\\x6f\\x6d\\x30\\x1d\\x06\\x03\\x55\\x1d\\x\n\t\t\t   0e\\x04\\x16\\x04\\x14\\x84\\x78\\x17\\xd5\\xf1\\x1a\\x8e\\xb8\\x92\\x70\\x6d\\x1a\\xa1\\x9a\n\t\t\t   \\x61\\xf1\\x1b\\x6e\\xc9\\xd4\\x30\\x0e\\x06\\x03\\x55\\x1d\\x0f\\x01\\x01\\xff\\x04\\x04\\x\n\t\t\t   03\\x02\\x04\\xb0\\x30\\x41\\x06\\x03\\x55\\x1d\\x11\\x04\\x3a\\x30\\x38\\x82\\x1b\\x2a\\x2e\n\t\t\t   \\x76\\x6f\\x72\\x74\\x65\\x78\\x2e\\x64\\x61\\x74\\x61\\x2e\\x6d\\x69\\x63\\x72\\x6f\\x73\\x\n\t\t\t   6f\\x66\\x74\\x2e\\x63\\x6f\\x6d\\x82\\x19\\x76\\x6f\\x72\\x74\\x65\\x78\\x2e\\x64\\x61\\x74\n\t\t\t   \\x61\\x2e\\x6d\\x69\\x63\\x72\\x6f\\x73\\x6f\\x66\\x74\\x2e\\x63\\x6f\\x6d\\x30\\x81\\xb0\\x\n\t\t\t   06\\x03\\x55\\x1d\\x1f\\x04\\x81\\xa8\\x30\\x81\\xa5\\x30\\x81\\xa2\\xa0\\x81\\x9f\\xa0\\x81\n\t\t\t   \\x9c\\x86\\x4d\\x68\\x74\\x74\\x70\\x3a\\x2f\\x2f\\x6d\\x73\\x63\\x72\\x6c\\x2e\\x6d\\x69\\x\n\t\t\t   63\\x72\\x6f\\x73\\x6f\\x66\\x74\\x2e\\x63\\x6f\\x6d\\x2f\\x70\\x6b\\x69\\x2f\\x6d\\x73\\x63\n\t\t\t   \\x6f\\x72\\x70\\x2f\\x63\\x72\\x6c\\x2f\\x4d\\x69\\x63\\x72\\x6f\\x73\\x6f\\x66\\x74\\x25\\x\n\t\t\t   32\\x30\\x52\\x53\\x41\\x25\\x32\\x30\\x54\\x4c\\x53\\x25\\x32\\x30\\x43\\x41\\x25\\x32\\x30\n\t\t\t   \\x30\\x31\\x2e\\x63\\x72\\x6c\\x86\\x4b\\x68\\x74\\x74\\x70\\x3a\\x2f\\x2f\\x63\\x72\\x6c\\x\n\t\t\t   2e\\x6d\\x69\\x63\\x72\\x6f\\x73\\x6f\\x66\\x74\\x2e\\x63\\x6f\\x6d\\x2f\\x70\\x6b\\x69\\x2f\n\t\t\t   \\x6d\\x73\\x63\\x6f\\x72\\x70\\x2f\\x63\\x72\\x6c\\x2f\\x4d\\x69\\x63\\x72\\x6f\\x73\\x6f\\x\n\t\t\t   66\\x74\\x25\\x32\\x30\\x52\\x53\\x41\\x25\\x32\\x30\\x54\\x4c\\x53\\x25\\x32\\x30\\x43\\x41\n\t\t\t   \\x25\\x32\\x30\\x30\\x31\\x2e\\x63\\x72\\x6c\\x30\\x57\\x06\\x03\\x55\\x1d\\x20\\x04\\x50\\x\n\t\t\t   30\\x4e\\x30\\x42\\x06\\x09\\x2b\\x06\\x01\\x04\\x01\\x82\\x37\\x2a\\x01\\x30\\x35\\x30\\x33\n\t\t\t   \\x06\\x08\\x2b\\x06\\x01\\x05\\x05\\x07\\x02\\x01\\x16\\x27\\x68\\x74\\x74\\x70\\x3a\\x2f\\x\n\t\t\t   2f\\x77\\x77\\x77\\x2e\\x6d\\x69\\x63\\x72\\x6f\\x73\\x6f\\x66\\x74\\x2e\\x63\\x6f\\x6d\\x2f\n\t\t\t   \\x70\\x6b\\x69\\x2f\\x6d\\x73\\x63\\x6f\\x72\\x70\\x2f\\x63\\x70\\x73\\x30\\x08\\x06\\x06\\x\n\t\t\t   67\\x81\\x0c\\x01\\x02\\x01\\x30\\x1f\\x06\\x03\\x55\\x1d\\x23\\x04\\x18\\x30\\x16\\x80\\x14\n\t\t\t   \\xb5\\x76\\x0c\\x30\\x11\\xce\\xc7\\x92\\x42\\x4d\\x4c\\xc7\\x5c\\x2c\\xc8\\xa9\\x0c\\xe8\\x\n\t\t\t   0b\\x64\\x30\\x1d\\x06\\x03\\x55\\x1d\\x25\\x04\\x16\\x30\\x14\\x06\\x08\\x2b\\x06\\x01\\x05\n\t\t\t   \\x05\\x07\\x03\\x01\\x06\\x08\\x2b\\x06\\x01\\x05\\x05\\x07\\x03\\x02\\x30\\x0d\\x06\\x09\\x\n\t\t\t   2a\\x86\\x48\\x86\\xf7\\x0d\\x01\\x01\\x0b\\x05\\x00\\x03\\x82\\x02\\x01\\x00\\xa9\\xe7\\xef\n\t\t\t   \\x8b\\x9f\\x3d\\x71\\x06\\x30\\xf3\\x99\\xad\\xe6\\x25\\x92\\xcf\\x88\\x59\\x8c\\x1b\\x60\\x\n\t\t\t   27\\x93\\x44\\x86\\x9b\\x8b\\xb0\\x30\\xdb\\x8b\\x1e\\xde\\x98\\x2b\\x85\\x61\\xa8\\xee\\x23\n\t\t\t   \\x49\\x0f\\x74\\xf3\\xbc\\xb3\\xbd\\xda\\x3e\\x27\\xc9\\x0e\\x06\\x90\\x0e\\x61\\x10\\x07\\x\n\t\t\t   c5\\x6f\\xa4\\x47\\xc5\\xee\\xf4\\x73\\x43\\x9b\\xb7\\x9d\\x1e\\x27\\xf1\\xa4\\xfe\\x6e\\xa2\n\t\t\t   \\x65\\x8a\\xc5\\xeb\\x64\\x4e\\x5f\\x5f\\x59\\x0c\\x00\\xe9\\x86\\x7f\\xe5\\x29\\xa4\\x46\\x\n\t\t\t   4d\\x83\\xa2\\x2f\\xf7\\xd4\\x97\\x73\\x3a\\x2e\\x74\\xe4\\xe4\\x7a\\xf8\\xed\\x68\\xe6\\x13\n\t\t\t   \\xb0\\x44\\x3e\\x0a\\xe8\\x6c\\xb6\\x12\\xf8\\x7b\\xa8\\x98\\x7b\\x38\\x45\\x1e\\x26\\x21\\x\n\t\t\t   39\\xaf\\x9e\\x49\\x44\\xdf\\x9f\\x07\\xbe\\x50\\xf3\\xab\\x6a\\xe2\\xb5\\xd4\\xac\\x84\\x34\n\t\t\t   \\x26\\x63\\x96\\xd7\\xb4\\xe8\\x55\\x14\\xb0\\x89\\x3c\\xde\\x14\\x13\\xda\\xd9\\xf3\\xa8\\x\n\t\t\t   61\\xde\\x12\\x91\\x48\\x00\\x7e\\x4a\\x24\\x44\\x82\\x58\\x5f\\x40\\x42\\x63\\x0e\\x18\\xb8\n\t\t\t   \\x7e\\x50\\xd1\\xa8\\x3a\\xbc\\xe3\\xbc\\xd6\\x5d\\xe1\\xe9\\x6c\\x69\\xa9\\xde\\xe1\\xde\\x\n\t\t\t   cb\\xa8\\xd7\\x2a\\x6a\\x04\\x6a\\x56\\x02\\x77\\xf1\\xe9\\x57\\x95\\x7e\\x97\\xd6\\x09\\xec\n\t\t\t   \\x35\\x35\\x71\\x4e\\x44\\xa1\\xa1\\x1b\\xf1\\x89\\xbc\\xa6\\xb3\\x04\\x35\\xe2\\x71\\x4b\\x\n\t\t\t   4d\\xdc\\x4d\\x5a\\xda\\x79\\x21\\xb8\\x2e\\x18\\x30\\xae\\xbe\\x3d\\x9d\\x5f\\xc2\\x37\\xe0\n\t\t\t   \\xa5\\x00\\x21\\xeb\\x03\\x15\\xca\\x9b\\x44\\x0c\\xa7\\x01\\x72\\x5f\\x4e\\x95\\x46\\x53\\x\n\t\t\t   e9\\xb5\\xd7\\x9f\\x17\\x19\\xe8\\xef\\xe2\\xc3\\x3a\\xdb\\x15\\x58\\x32\\xa8\\xd3\\x23\\xa5\n\t\t\t   \\xb6\\x37\\x2d\\x08\\x06\\xbe\\x88\\x97\\xa6\\x0f\\x20\\x38\\x24\\xff\\x44\\xed\\x0a\\x39\\x\n\t\t\t   b7\\x61\\x29\\x04\\xc9\\x2b\\x2c\\x21\\x82\\x69\\xa2\\xfa\\x10\\x4b\\x09\\x1f\\x39\\x5e\\x2d\n\t\t\t   \\x6f\\x2b\\xbc\\x9f\\x6e\\x94\\xa8\\x46\\x2e\\xa0\\x3e\\x8f\\x55\\x59\\xe1\\x7b\\x3a\\xed\\x\n\t\t\t   a8\\x01\\xdd\\x7f\\xe1\\x1f\\x25\\x81\\xd3\\x51\\x6c\\x18\\xa2\\xf1\\x2c\\xf2\\xa0\\xd8\\xe2\n\t\t\t   \\xe2\\x32\\x39\\xbf\\x68\\x58\\xfd\\x35\\x90\\xd2\\x45\\xef\\x39\\x7a\\x18\\xf7\\x90\\x09\\x\n\t\t\t   00\\x72\\x35\\x22\\xd2\\xa6\\xa5\\x9b\\x26\\xdf\\xeb\\xbd\\xe3\\x5f\\x86\\xff\\xe9\\x3e\\x85\n\t\t\t   \\xdd\\xea\\x87\\xef\\x74\\x42\\x30\\x50\\x98\\xcb\\x16\\x83\\xcc\\x63\\x98\\xc5\\xd5\\x2a\\x\n\t\t\t   f9\\x76\\x89\\xd9\\xf1\\x5d\\x9b\\x5d\\x49\\xac\\xd9\\xf4\\x40\\xc1\\xa8\\xac\\x22\\xc7\\xc6\n\t\t\t   \\x81\\x17\\x29\\xd0\\x9d\\x80\\x4b\\x07\\xd7\\xce\\xbd\\x97\\x31\\x01\\x07\\xb2\\x77\\x55\\x\n\t\t\t   5d\\x2c\\x7b\\x62\\xa3\\xa0\\x82\\x25\\x06\\x7d\\x1d\\x24\\x33\\xc8\\x47\\x02\\x92\\xb6\\xce\n\t\t\t   \\x6c\\xd8\\x0c\\x39\\x17\\x67\\x8d\\x80\\x17\\xbb\\x56\\x83\\x54\\x1d\\x1c\\xa1\\xbd\\x04\\x\n\t\t\t   78\\x07\\x2b\\x50\\x38\\x09\\x08\\x39\\xaf\\x3b\\x00\\x05\\x5e\\x30\\x82\\x05\\x5a\\x30\\x82\n\t\t\t   \\x04\\x42\\xa0\\x03\\x02\\x01\\x02\\x02\\x10\\x0f\\x14\\x96\\x5f\\x20\\x20\\x69\\x99\\x4f\\x\n\t\t\t   d5\\xc7\\xac\\x78\\x89\\x41\\xe2\\x30\\x0d\\x06\\x09\\x2a\\x86\\x48\\x86\\xf7\\x0d\\x01\\x01\n\t\t\t   \\x0b\\x05\\x00\\x30\\x5a\\x31\\x0b\\x30\\x09\\x06\\x03\\x55\\x04\\x06\\x13\\x02\\x49\\x45\\x\n\t\t\t   31\\x12\\x30\\x10\\x06\\x03\\x55\\x04\\x0a\\x13\\x09\\x42\\x61\\x6c\\x74\\x69\\x6d\\x6f\\x72\n\t\t\t   \\x65\\x31\\x13\\x30\\x11\\x06\\x03\\x55\\x04\\x0b\\x13\\x0a\\x43\\x79\\x62\\x65\\x72\\x54\\x\n\t\t\t   72\\x75\\x73\\x74\\x31\\x22\\x30\\x20\\x06\\x03\\x55\\x04\\x03\\x13\\x19\\x42\\x61\\x6c\\x74\n\t\t\t   \\x69\\x6d\\x6f\\x72\\x65\\x20\\x43\\x79\\x62\\x65\\x72\\x54\\x72\\x75\\x73\\x74\\x20\\x52\\x\n\t\t\t   6f\\x6f\\x74\\x30\\x1e\\x17\\x0d\\x32\\x30\\x30\\x37\\x32\\x31\\x32\\x33\\x30\\x30\\x30\\x30\n\t\t\t   \\x5a\\x17\\x0d\\x32\\x34\\x31\\x30\\x30\\x38\\x30\\x37\\x30\\x30\\x30\\x30\\x5a\\x30\\x4f\\x\n\t\t\t   31\\x0b\\x30\\x09\\x06\\x03\\x55\\x04\\x06\\x13\\x02\\x55\\x53\\x31\\x1e\\x30\\x1c\\x06\\x03\n\t\t\t   \\x55\\x04\\x0a\\x13\\x15\\x4d\\x69\\x63\\x72\\x6f\\x73\\x6f\\x66\\x74\\x20\\x43\\x6f\\x72\\x\n\t\t\t   70\\x6f\\x72\\x61\\x74\\x69\\x6f\\x6e\\x31\\x20\\x30\\x1e\\x06\\x03\\x55\\x04\\x03\\x13\\x17\n\t\t\t   \\x4d\\x69\\x63\\x72\\x6f\\x73\\x6f\\x66\\x74\\x20\\x52\\x53\\x41\\x20\\x54\\x4c\\x53\\x20\\x\n\t\t\t   43\\x41\\x20\\x30\\x31\\x30\\x82\\x02\\x22\\x30\\x0d\\x06\\x09\\x2a\\x86\\x48\\x86\\xf7\\x0d\n\t\t\t   \\x01\\x01\\x01\\x05\\x00\\x03\\x82\\x02\\x0f\\x00\\x30\\x82\\x02\\x0a\\x02\\x82\\x02\\x01\\x\n\t\t\t   00\\xaa\\x62\\x77\\xcf\\x9a\\x63\\xb2\\x06\\x84\\xf3\\x90\\x36\\xf4\\x99\\xf3\\x14\\x51\\xab\n\t\t\t   \\xea\\x95\\x0a\\x3b\\x46\\x06\\xfd\\x11\\x41\\x1f\\xfe\\x5b\\x06\\x58\\xc9\\x38\\x6e\\x08\\x\n\t\t\t   fc\\x4f\\x44\\x48\\xcd\\x3a\\xa4\\xf7\\xbd\\x1e\\xa2\\xe2\\x95\\xb8\\xbe\\x51\\x20\\xc5\\xbf\n\t\t\t   \\xb2\\x70\\x63\\x5d\\x78\\x0c\\x43\\xc0\\x29\\xcd\\x64\\x49\\x09\\x96\\xda\\xaf\\xce\\xfd\\x\n\t\t\t   05\\x5f\\x2b\\x2a\\x91\\xe8\\x01\\x6e\\x2e\\x18\\x9b\\x2c\\x9c\\xd0\\x01\\x7f\\x69\\xf5\\xee\n\t\t\t   \\x3f\\x53\\x88\\x5c\\xba\\x05\\x6c\\xbe\\x22\\x15\\x67\\x14\\x82\\xf2\\x2c\\xd2\\xbe\\x5b\\x\n\t\t\t   63\\x37\\xcc\\xaf\\x60\\x85\\xe8\\x96\\x6b\\x6b\\x80\\x08\\xa8\\x6e\\xbe\\x00\\x9c\\x6b\\x95\n\t\t\t   \\x70\\xfc\\xe4\\x18\\x12\\xb1\\x1d\\x1b\\xb2\\xc1\\x13\\x31\\x67\\x33\\x34\\xe6\\x25\\xc9\\x\n\t\t\t   62\\x5b\\x58\\x82\\x75\\x76\\xf2\\xfe\\xf2\\x3f\\x3b\\x16\\xdf\\xaa\\x42\\x83\\xe3\\x32\\x6d\n\t\t\t   \\x9b\\x8e\\x43\\x26\\xf0\\xbd\\x0e\\x1f\\xa1\\xa7\\x3a\\xaf\\x2c\\xc8\\x8a\\xe6\\xea\\x3f\\x\n\t\t\t   f9\\xa5\\xd2\\x25\\x8f\\x92\\xaa\\x1a\\x08\\x12\\x9c\\xfe\\xac\\x4a\\xc7\\xc3\\xeb\\x80\\x94\n\t\t\t   \\xab\\x87\\x16\\xd1\\x23\\x49\\xe7\\xa4\\xbb\\xc7\\x91\\xdf\\xe6\\x79\\x34\\x3f\\x41\\x4a\\x\n\t\t\t   a7\\x3a\\x26\\xd2\\xea\\x6f\\x46\\xe3\\x38\\x73\\xe6\\xe5\\xd4\\x91\\xae\\x0b\\x78\\x9e\\x78\n\t\t\t   \\xa5\\xef\\x96\\xe3\\x73\\xd8\\xf7\\x95\\x65\\xe9\\x05\\xbf\\x4f\\x5c\\xff\\x52\\xa7\\xf9\\x\n\t\t\t   cf\\x08\\xaf\\xa7\\x4d\\x09\\x99\\xc0\\x71\\xa3\\x52\\x7a\\xa5\\x3b\\xd7\\x9b\\x01\\x54\\x03\n\t\t\t   \\xe3\\xb6\\x62\\xb0\\x5a\\x27\\x9c\\x30\\x26\\x8e\\xb6\\x4d\\x56\\xa1\\x17\\x17\\x7a\\x7b\\x\n\t\t\t   95\\xa1\\x07\\xac\\x53\\x31\\xb6\\xd6\\x2e\\x0f\\xcd\\x41\\x74\\xec\\xf1\\x01\\xb2\\xfd\\x45\n\t\t\t   \\xbf\\xfc\\x31\\xe1\\x46\\x42\\x31\\x36\\x43\\x1e\\xb9\\xaa\\x05\\x5f\\x84\\x7f\\x91\\xb1\\x\n\t\t\t   8b\\xae\\x0f\\xd7\\x54\\xc3\\xfd\\xf0\\x64\\x08\\x6a\\xd3\\x9c\\x8e\\xea\\x79\\x34\\xec\\x03\n\t\t\t   \\x3d\\x73\\xe0\\x1b\\x36\\xd4\\x68\\x11\\xc7\\x59\\x70\\xb0\\x87\\x7c\\xc0\\xdc\\x6e\\x45\\x\n\t\t\t   ca\\x36\\xce\\x43\\x26\\x77\\x02\\xa9\\x70\\x0d\\xe8\\xb8\\x57\\x54\\x44\\x42\\xc3\\xfb\\xac\n\t\t\t   \\x1b\\x63\\x26\\x08\\xc2\\xd2\\x23\\x1f\\x7f\\x93\\x0b\\x7c\\x6f\\x08\\x54\\x9a\\x2b\\x4e\\x\n\t\t\t   5d\\xce\\x9f\\xa5\\x3e\\xd2\\x98\\x5b\\xd1\\x02\\xdb\\xf1\\x83\\xce\\x30\\x52\\x48\\x38\\x63\n\t\t\t   \\xf1\\xb1\\xfb\\xed\\x23\\xd3\\x3e\\x92\\xb5\\x27\\x8d\\xd0\\x42\\x73\\xd7\\x9d\\x23\\x68\\x\n\t\t\t   71\\xba\\x59\\x5e\\x07\\x52\\xa6\\x96\\x4d\\xbf\\x7c\\x4e\\x6f\\x74\\x22\\x05\\xc0\\x53\\x80\n\t\t\t   \\x16\\xd8\\x60\\x4e\\x97\\x31\\x4f\\x89\\x4e\\x48\\x63\\xd8\\xed\\xf9\\xe5\\xc2\\xd9\\x0e\\x\n\t\t\t   b2\\x0b\\xf6\\x69\\x4c\\xbd\\x4b\\x01\\xc9\\xcb\\xdd\\x06\\xbf\\x3a\\x02\\xeb\\x1c\\xdd\\x30\n\t\t\t   \\x8b\\x0d\\x4a\\x14\\x60\\xf9\\xd5\\x64\\x4f\\x43\\x44\\xa1\\xed\\x02\\x03\\x01\\x00\\x01\\x\n\t\t\t   a3\\x82\\x01\\x25\\x30\\x82\\x01\\x21\\x30\\x1d\\x06\\x03\\x55\\x1d\\x0e\\x04\\x16\\x04\\x14\n\t\t\t   \\xb5\\x76\\x0c\\x30\\x11\\xce\\xc7\\x92\\x42\\x4d\\x4c\\xc7\\x5c\\x2c\\xc8\\xa9\\x0c\\xe8\\x\n\t\t\t   0b\\x64\\x30\\x1f\\x06\\x03\\x55\\x1d\\x23\\x04\\x18\\x30\\x16\\x80\\x14\\xe5\\x9d\\x59\\x30\n\t\t\t   \\x82\\x47\\x58\\xcc\\xac\\xfa\\x08\\x54\\x36\\x86\\x7b\\x3a\\xb5\\x04\\x4d\\xf0\\x30\\x0e\\x\n\t\t\t   06\\x03\\x55\\x1d\\x0f\\x01\\x01\\xff\\x04\\x04\\x03\\x02\\x01\\x86\\x30\\x1d\\x06\\x03\\x55\n\t\t\t   \\x1d\\x25\\x04\\x16\\x30\\x14\\x06\\x08\\x2b\\x06\\x01\\x05\\x05\\x07\\x03\\x01\\x06\\x08\\x\n\t\t\t   2b\\x06\\x01\\x05\\x05\\x07\\x03\\x02\\x30\\x12\\x06\\x03\\x55\\x1d\\x13\\x01\\x01\\xff\\x04\n\t\t\t   \\x08\\x30\\x06\\x01\\x01\\xff\\x02\\x01\\x00\\x30\\x34\\x06\\x08\\x2b\\x06\\x01\\x05\\x05\\x\n\t\t\t   07\\x01\\x01\\x04\\x28\\x30\\x26\\x30\\x24\\x06\\x08\\x2b\\x06\\x01\\x05\\x05\\x07\\x30\\x01\n\t\t\t   \\x86\\x18\\x68\\x74\\x74\\x70\\x3a\\x2f\\x2f\\x6f\\x63\\x73\\x70\\x2e\\x64\\x69\\x67\\x69\\x\n\t\t\t   63\\x65\\x72\\x74\\x2e\\x63\\x6f\\x6d\\x30\\x3a\\x06\\x03\\x55\\x1d\\x1f\\x04\\x33\\x30\\x31\n\t\t\t   \\x30\\x2f\\xa0\\x2d\\xa0\\x2b\\x86\\x29\\x68\\x74\\x74\\x70\\x3a\\x2f\\x2f\\x63\\x72\\x6c\\x\n\t\t\t   33\\x2e\\x64\\x69\\x67\\x69\\x63\\x65\\x72\\x74\\x2e\\x63\\x6f\\x6d\\x2f\\x4f\\x6d\\x6e\\x69\n\t\t\t   \\x72\\x6f\\x6f\\x74\\x32\\x30\\x32\\x35\\x2e\\x63\\x72\\x6c\\x30\\x2a\\x06\\x03\\x55\\x1d\\x\n\t\t\t   20\\x04\\x23\\x30\\x21\\x30\\x08\\x06\\x06\\x67\\x81\\x0c\\x01\\x02\\x01\\x30\\x08\\x06\\x06\n\t\t\t   \\x67\\x81\\x0c\\x01\\x02\\x02\\x30\\x0b\\x06\\x09\\x2b\\x06\\x01\\x04\\x01\\x82\\x37\\x2a\\x\n\t\t\t   01\\x30\\x0d\\x06\\x09\\x2a\\x86\\x48\\x86\\xf7\\x0d\\x01\\x01\\x0b\\x05\\x00\\x03\\x82\\x01\n\t\t\t   \\x01\\x00\\x9f\\x2b\\xbe\\x92\\x67\\x5b\\xda\\x7b\\x8a\\xad\\xe8\\xff\\x9d\\x4d\\x05\\x0e\\x\n\t\t\t   ed\\xb6\\x0d\\x15\\x41\\xd1\\xe6\\x15\\xdc\\x03\\x60\\xf9\\xf4\\x22\\x56\\x9c\\x48\\xf9\\x9d\n\t\t\t   \\xae\\xda\\x2b\\x3c\\xa8\\xc0\\xab\\xd0\\xba\\x95\\xb8\\xc8\\xc1\\xfd\\x7c\\x63\\x71\\xb6\\x\n\t\t\t   c8\\x7a\\x88\\x9b\\x30\\x46\\xa3\\x8e\\x7d\\x96\\x02\\xe3\\xf8\\x22\\x04\\xef\\xe0\\x36\\xc0\n\t\t\t   \\x6f\\xc2\\xbf\\x2e\\x0d\\x6e\\xed\\xd6\\x76\\x28\\x0d\\x81\\x87\\x3e\\x9b\\xe7\\xa7\\x10\\x\n\t\t\t   8c\\xda\\x66\\x1f\\x40\\x51\\xea\\xe7\\xbe\\xbf\\x4e\\x67\\x98\\xbb\\x54\\x59\\x63\\x6f\\x42\n\t\t\t   \\xe3\\x0f\\x31\\x60\\x19\\x64\\x00\\x0f\\x26\\x0c\\x97\\xd1\\x84\\xc0\\xa6\\x7a\\x19\\x3b\\x\n\t\t\t   70\\xde\\x45\\x26\\xdc\\x96\\x46\\x3d\\x9c\\x66\\x3f\\xe1\\x3a\\x82\\x38\\xe5\\x36\\x03\\x04\n\t\t\t   \\x28\\x57\\xa4\\xe9\\x4b\\x64\\xa2\\x18\\x88\\x6d\\x60\\x89\\x8d\\x7a\\xbe\\x10\\x91\\x8b\\x\n\t\t\t   ac\\xe6\\x3f\\x31\\x30\\xbf\\xeb\\x64\\xd7\\x9e\\x8d\\xe9\\xc1\\x92\\x56\\x6e\\x38\\x8d\\x34\n\t\t\t   \\x3f\\xae\\xcd\\x6c\\x6b\\x42\\x52\\x62\\x3c\\xd4\\x69\\x89\\xe0\\xa0\\x57\\x59\\x0b\\x83\\x\n\t\t\t   9f\\xc6\\x72\\x24\\x42\\xf5\\x08\\x03\\x84\\xce\\x16\\x63\\xf3\\x34\\xf1\\x05\\x76\\x37\\x19\n\t\t\t   \\xb2\\x06\\xde\\x13\\x3e\\x13\\x70\\x61\\xd3\\x04\\xf2\\xb8\\x47\\x6f\\x05\\xe3\\x8a\\x88\\x\n\t\t\t   30\\x2b\\x47\\x45\\x5e\\x79\\x54\\xc5\\xf9\\xdd\\xeb\\xfa\\x3f\\x78\\x51\\x75\\xd2\\x5b\\x0c\n\t\t\t   \\x00\\x01\\x28\\x03\\x00\\x1d\\x20\\xd3\\x9a\\x2a\\xb4\\x21\\xc0\\x33\\xd4\\x53\\xa6\\x1f\\x\n\t\t\t   d3\\x9f\\xfb\\x77\\x02\\xf9\\x93\\x87\\x6f\\x93\\xbd\\x56\\xb5\\x35\\x43\\xa0\\x9a\\x63\\x26\n\t\t\t   \\xc5\\x4d\\x04\\x01\\x01\\x00\\x52\\x3e\\x91\\x66\\x05\\x29\\xdc\\x77\\xff\\x35\\xf7\\xf3\\x\n\t\t\t   a3\\x79\\x2b\\xc4\\xa5\\xdb\\x06\\xad\\x68\\xba\\xb2\\x67\\x53\\x52\\x46\\x13\\xad\\x18\\xdd\n\t\t\t   \\x9d\\x22\\xa9\\x8d\\x44\\x39\\xe5\\xd3\\x7d\\x32\\xed\\x06\\x4b\\x2a\\xcf\\x57\\x54\\x12\\x\n\t\t\t   bd\\x11\\xda\\x26\\xf5\\x9f\\x2d\\x27\\x39\\xde\\xf8\\x99\\xa9\\x8d\\x61\\xbb\\xc5\\x53\\x69\n\t\t\t   \\x3d\\xe8\\x31\\xea\\x05\\x52\\xf5\\x0c\\xbb\\x79\\x27\\x90\\xbf\\x1d\\xb2\\x93\\x91\\xef\\x\n\t\t\t   4d\\xa4\\x37\\x4a\\x1a\\x8e\\x05\\x36\\x11\\xac\\x34\\xa9\\x60\\xc3\\xa0\\x17\\xc7\\xe2\\xa8\n\t\t\t   \\xe3\\xfb\\x9f\\xf7\\xa7\\x20\\xbc\\x9e\\x5f\\xf2\\x3e\\xf7\\xb2\\x3c\\x2e\\x18\\x62\\x96\\x\n\t\t\t   4e\\xc2\\x0a\\x5d\\xb9\\xa3\\x2c\\xe2\\xeb\\x8a\\x7b\\x91\\x47\\xb5\\x7c\\x4d\\xb9\\x66\\x75\n\t\t\t   \\xf4\\xff\\x90\\xad\\xfe\\x00\\x32\\xaa\\xdb\\x2d\\xda\\x56\\x74\\x68\\xcf\\x8e\\x65\\x3f\\x\n\t\t\t   0c\\xf6\\xc3\\xa2\\x95\\x79\\x27\\xf1\\x25\\xc2\\xc9\\x7c\\x36\\xc6\\x0a\\x56\\xec\\x1e\\x24\n\t\t\t   \\x62\\x37\\xbf\\x3a\\xf9\\xe7\\x9b\\x1d\\x1a\\xeb\\x50\\xc2\\x5a\\xea\\x3f\\x66\\x6a\\x9d\\x\n\t\t\t   15\\x3d\\x5f\\x9a\\x09\\x96\\xe5\\x65\\x7c\\xa9\\xee\\x20\\x8e\\x25\\xb8\\x34\\x56\\x20\\x08\n\t\t\t   \\x49\\x54\\x87\\x06\\x44\\xec\\xf9\\xb9\\x30\\xb5\\x7d\\xbd\\xda\\x90\\x99\\xe5\\xdc\\xc0\\x\n\t\t\t   f2\\xbb\\x0c\\xd0\\x1a\\xe2\\x5b\\xd3\\x01\\x63\\xd1\\xd0\\x9b\\xad\\x25\\xbb\\x2e\\xd4\\x30\n\t\t\t   \\x0b\\x7e\\x38\\x0e\\x00\\x00\\x00"
        }
    },
    {
        "Ethernet Frame 51": {
            "Description": "Destination: E8:F7:24:B9:19:EE, Source: 00:0C:29:BA:15:54, Protocol: 8",
            "IPv4_Packet": "Version: 4, Header Length: 20, TTL: 64, Protocol: 6, Source: 10.152.164.67, Target: 64.4.54.254",
            "TCP_Segment": "Source Port: 54750, Destination Port: 443, Sequence: 1694438136, Acknowledgment: 2228462713",
            "TCP_flags": "URG: 0, ACK: 1, PSH: 0, RST: 0, SYN: 0, FIN:0"
        }
    },
    {
        "Ethernet Frame 52": {
            "Description": "Destination: E8:F7:24:B9:19:EE, Source: 00:0C:29:BA:15:54, Protocol: 8",
            "IPv4_Packet": "Version: 4, Header Length: 20, TTL: 64, Protocol: 6, Source: 10.152.164.67, Target: 64.4.54.254",
            "TCP_Segment": "Source Port: 54750, Destination Port: 443, Sequence: 1694438136, Acknowledgment: 2228462713",
            "TCP_flags": "URG: 0, ACK: 1, PSH: 1, RST: 0, SYN: 0, FIN:0",
            "TCP_Data": "\t\t\t   \\x16\\x03\\x03\\x00\\x25\\x10\\x00\\x00\\x21\\x20\\x6c\\x74\\x6d\\x10\\xfc\\xb7\\x0c\\xe1\\x\n\t\t\t   74\\xd9\\x4b\\x99\\xb1\\x19\\x65\\x09\\x41\\x58\\xeb\\xd3\\xee\\xaa\\xf2\\xd1\\x4e\\xb3\\x37\n\t\t\t   \\x9f\\xb2\\x89\\x7e\\x44\\x14\\x03\\x03\\x00\\x01\\x01\\x16\\x03\\x03\\x00\\x28\\x00\\x00\\x\n\t\t\t   00\\x00\\x00\\x00\\x00\\x00\\x31\\xac\\x76\\xb7\\xb2\\x7b\\x71\\xf1\\xc5\\x20\\x35\\x76\\xc1\n\t\t\t   \\xd4\\x6e\\xd8\\x77\\xbf\\x69\\x49\\x0f\\xd4\\x88\\x07\\x46\\x22\\xbd\\x1b\\x74\\x52\\x5a\\x\n\t\t\t   ea"
        }
    },
    {
        "Ethernet Frame 53": {
            "Description": "Destination: 00:0C:29:BA:15:54, Source: E8:F7:24:B9:19:EE, Protocol: 8",
            "IPv4_Packet": "Version: 4, Header Length: 20, TTL: 107, Protocol: 6, Source: 64.4.54.254, Target: 10.152.164.67",
            "TCP_Segment": "Source Port: 443, Destination Port: 54750, Sequence: 2228462713, Acknowledgment: 1694438229",
            "TCP_flags": "URG: 0, ACK: 1, PSH: 1, RST: 0, SYN: 0, FIN:0",
            "TCP_Data": "\t\t\t   \\x14\\x03\\x03\\x00\\x01\\x01\\x16\\x03\\x03\\x00\\x28\\x00\\x00\\x00\\x00\\x00\\x00\\x00\\x\n\t\t\t   00\\x64\\x13\\x8c\\x19\\x2e\\xb3\\x21\\x71\\x3b\\x1a\\x23\\xb4\\xec\\x7f\\x8e\\x96\\x47\\x81\n\t\t\t   \\x5b\\x34\\x28\\xb0\\x88\\x4e\\x7e\\xbc\\xc4\\xf1\\x55\\x87\\x0d\\xe3"
        }
    },
    {
        "Ethernet Frame 54": {
            "Description": "Destination: E8:F7:24:B9:19:EE, Source: 00:0C:29:BA:15:54, Protocol: 8",
            "IPv4_Packet": "Version: 4, Header Length: 20, TTL: 64, Protocol: 6, Source: 10.152.164.67, Target: 64.4.54.254",
            "TCP_Segment": "Source Port: 54750, Destination Port: 443, Sequence: 1694438229, Acknowledgment: 2228462764",
            "TCP_flags": "URG: 0, ACK: 1, PSH: 0, RST: 0, SYN: 0, FIN:0"
        }
    },
    {
        "Ethernet Frame 55": {
            "Description": "Destination: E8:F7:24:B9:19:EE, Source: 00:0C:29:BA:15:54, Protocol: 8",
            "IPv4_Packet": "Version: 4, Header Length: 20, TTL: 64, Protocol: 6, Source: 10.152.164.67, Target: 64.4.54.254",
            "TCP_Segment": "Source Port: 54750, Destination Port: 443, Sequence: 1694438229, Acknowledgment: 2228462764",
            "TCP_flags": "URG: 0, ACK: 1, PSH: 1, RST: 0, SYN: 0, FIN:0",
            "TCP_Data": "\t\t\t   \\x17\\x03\\x03\\x06\\xbf\\x00\\x00\\x00\\x00\\x00\\x00\\x00\\x01\\x38\\xe5\\x8e\\x29\\xa8\\x\n\t\t\t   6a\\xac\\xda\\x6e\\xe8\\xed\\x01\\xf5\\xbd\\xed\\x3e\\x5f\\xc3\\xde\\x59\\x8e\\x95\\x9b\\x9d\n\t\t\t   \\x4e\\x47\\x8c\\x5f\\x43\\xe7\\x7a\\xdd\\xd9\\xe2\\xdc\\xa0\\x88\\x5c\\x27\\x34\\x29\\x44\\x\n\t\t\t   c1\\x5c\\xa4\\xd1\\x9d\\x5f\\x12\\xcf\\xc0\\x22\\x5f\\x7b\\x90\\x8c\\x33\\x9b\\x2c\\x65\\xab\n\t\t\t   \\xa3\\x79\\xdb\\x45\\x39\\xfa\\x6c\\xa9\\xe3\\xa8\\x19\\x03\\x2f\\xe4\\x77\\x68\\xcc\\x9e\\x\n\t\t\t   7b\\x77\\x95\\x8b\\xda\\xee\\x1c\\xe6\\x16\\x81\\xc2\\x8c\\xcd\\xd1\\xe1\\x83\\x1f\\x5e\\xaf\n\t\t\t   \\x3d\\xcc\\x77\\xc7\\x3b\\xa7\\x45\\xbf\\x04\\x27\\xb3\\xd1\\x6e\\xc8\\xd5\\x46\\x62\\xb9\\x\n\t\t\t   50\\x88\\x71\\xe8\\xd6\\x84\\x11\\x7d\\x0f\\x58\\x4f\\x58\\xfd\\x1d\\x37\\xf8\\x07\\xff\\x67\n\t\t\t   \\x77\\xb1\\x6c\\xb8\\x39\\x95\\x39\\x93\\x69\\xab\\x85\\x70\\x16\\xa0\\x94\\x2f\\x0b\\x71\\x\n\t\t\t   65\\xde\\xe5\\x60\\x00\\x9c\\xf8\\x2a\\x03\\x10\\x4f\\x93\\x22\\xb4\\x70\\x22\\xb8\\x05\\xc1\n\t\t\t   \\x70\\x75\\x79\\xd2\\x4f\\xfd\\x43\\x83\\x56\\x6e\\x87\\xb3\\xed\\x92\\x16\\x36\\xdd\\xec\\x\n\t\t\t   47\\xb6\\xb5\\x82\\x57\\xe7\\x3c\\x80\\xe8\\x3b\\xc9\\x3c\\x44\\xa9\\xae\\xb0\\x7d\\x2d\\x3a\n\t\t\t   \\x41\\x95\\xb6\\x92\\x91\\x6d\\xbd\\xa8\\x0f\\x74\\xa1\\x12\\x2f\\x96\\xe6\\x44\\x22\\x25\\x\n\t\t\t   04\\xfa\\x27\\x5c\\xda\\x0f\\x92\\xe5\\x42\\x31\\x35\\x5d\\x91\\xf9\\x26\\x70\\x8b\\x64\\x11\n\t\t\t   \\x0b\\xb7\\x11\\x2d\\x5d\\x23\\x09\\xc7\\x88\\x55\\x87\\x39\\x7f\\x1e\\xf1\\xb1\\xa0\\x94\\x\n\t\t\t   9a\\x4f\\x91\\x80\\x35\\x11\\xe0\\x83\\x43\\xad\\x1c\\xc0\\x32\\xb2\\x0e\\x76\\x9b\\x7f\\x0f\n\t\t\t   \\x2c\\x1e\\x3b\\xab\\xf6\\xbb\\xe7\\xa1\\x80\\xba\\xb8\\x26\\x13\\x5b\\xd4\\x33\\xe8\\xc2\\x\n\t\t\t   8f\\x17\\xfb\\xfa\\x9d\\x46\\x2f\\xcb\\xcc\\x3a\\x76\\xd2\\x98\\xe7\\x35\\x62\\x1a\\x37\\x98\n\t\t\t   \\x4c\\x57\\xcf\\xf5\\xdd\\xc9\\x0d\\xdb\\xf6\\x6b\\x61\\x77\\x30\\x4c\\x42\\xdf\\xcc\\x6b\\x\n\t\t\t   0f\\x6e\\xd9\\xf8\\x46\\x69\\x78\\x58\\xa3\\xd6\\x60\\x66\\x2f\\xd2\\xa8\\x04\\x62\\x99\\xbb\n\t\t\t   \\x8f\\x8c\\x6d\\x9c\\x5a\\xeb\\xf5\\x39\\x25\\x35\\x01\\xea\\x18\\x55\\x9c\\xd3\\x2e\\xb1\\x\n\t\t\t   6f\\x2b\\xcb\\x58\\xd7\\xbb\\xb7\\x54\\xa6\\x2a\\xb0\\x3f\\xc3\\x99\\x13\\x9f\\x64\\xd5\\xc9\n\t\t\t   \\x16\\xff\\x69\\x05\\x0b\\xcd\\x6f\\x9a\\xaf\\xdd\\x44\\x4f\\x35\\xef\\x06\\x95\\xec\\xf9\\x\n\t\t\t   22\\xba\\xd6\\x44\\xbb\\x83\\xf9\\x89\\x8d\\xf4\\x60\\x14\\x8d\\x67\\x61\\xad\\x31\\x1e\\x13\n\t\t\t   \\x4a\\xca\\x0a\\xa7\\xd4\\xf5\\xed\\xce\\xb7\\x6c\\x0b\\xf6\\xc0\\x19\\xde\\x3a\\x2b\\x36\\x\n\t\t\t   32\\x39\\xc1\\x5e\\xc4\\x95\\x4b\\xc8\\x8c\\xe3\\x7d\\x31\\x2d\\x36\\xf4\\xf8\\xa9\\xb1\\xd7\n\t\t\t   \\xd0\\x5d\\x22\\x48\\x22\\x6c\\x61\\x96\\x9a\\x58\\x08\\xde\\x68\\x80\\xfb\\x77\\x70\\xad\\x\n\t\t\t   a8\\x75\\xd3\\x36\\x5d\\x43\\x5e\\x0d\\x92\\x8b\\x3f\\x30\\x2f\\x35\\xbf\\x4a\\x1e\\x8c\\x6f\n\t\t\t   \\xdf\\x4d\\x6e\\x3b\\x3f\\x22\\x23\\x3f\\x3d\\x8d\\xc3\\xa7\\x28\\xfe\\xe7\\x3f\\xb4\\x27\\x\n\t\t\t   13\\xa0\\xb8\\xee\\x3d\\xf5\\x80\\xe7\\x76\\x9b\\x93\\x3a\\x82\\x36\\xaa\\x75\\x0e\\x2d\\x5c\n\t\t\t   \\xc9\\xcf\\xec\\x75\\xee\\x10\\x4e\\x5d\\x93\\xb2\\x33\\x95\\x07\\x88\\x69\\x80\\x99\\x90\\x\n\t\t\t   23\\xf7\\x8c\\xcf\\x1f\\x70\\x3f\\x49\\xff\\xdd\\xd7\\xa3\\x67\\xb7\\xee\\x3a\\xe3\\x20\\x56\n\t\t\t   \\xd8\\x72\\xec\\x4e\\x53\\x37\\x49\\xce\\xbe\\xa5\\xde\\x02\\x0e\\x13\\x15\\x6e\\xe6\\x11\\x\n\t\t\t   7d\\x64\\x27\\xb4\\x60\\x4d\\x45\\x41\\xcf\\xd4\\x5b\\xa5\\x89\\x0c\\x9a\\x9d\\xf5\\x79\\xfc\n\t\t\t   \\x85\\x4d\\xe7\\xcb\\xd9\\x17\\x81\\xad\\x56\\x58\\x4d\\x1c\\x35\\x38\\xf1\\x84\\x47\\xcb\\x\n\t\t\t   97\\xae\\x39\\x9a\\x1d\\xb9\\xc7\\x05\\x7f\\x7b\\x3a\\xb2\\x0e\\x7e\\xad\\xfa\\xc0\\x6f\\xa5\n\t\t\t   \\xf9\\xae\\xb1\\xc2\\x85\\x53\\x0c\\x98\\x66\\xe7\\xfd\\x38\\xaf\\x45\\x82\\x5b\\x15\\xa4\\x\n\t\t\t   0b\\x76\\x67\\x2e\\xcb\\x99\\x5e\\x64\\xa1\\x08\\xfa\\xe5\\x58\\x4b\\x7d\\xbc\\x9d\\x65\\xfe\n\t\t\t   \\x1e\\x3a\\xfd\\x94\\xda\\x18\\x9b\\xc7\\x84\\xd7\\x08\\x09\\x82\\xa5\\xff\\x1f\\xd2\\xfd\\x\n\t\t\t   41\\x47\\xc0\\x0c\\xc2\\x85\\xd8\\xb7\\x5d\\xa8\\xa3\\xbe\\xc5\\x58\\x51\\x5c\\xb1\\x99\\x0c\n\t\t\t   \\xd3\\xe0\\x91\\x13\\x08\\x2d\\x53\\x05\\x3c\\x76\\x55\\xb4\\x26\\x36\\x2d\\xa7\\xbc\\x86\\x\n\t\t\t   2a\\x67\\x7e\\x35\\xd3\\x3c\\xed\\x2c\\xb3\\x51\\x5c\\x2e\\x6d\\xbe\\xe6\\x38\\x44\\xfd\\x1c\n\t\t\t   \\xa2\\xce\\xb5\\x57\\x5d\\xc0\\xfb\\x1f\\x34\\x21\\xf8\\x88\\xe8\\x2d\\x01\\x41\\x90\\x3a\\x\n\t\t\t   a0\\x78\\xd5\\xbd\\x2a\\x0a\\x40\\x02\\x90\\xed\\x3e\\x30\\x52\\xc6\\x81\\x8f\\x79\\xf6\\xd7\n\t\t\t   \\xad\\x2e\\xaf\\x9c\\x19\\xf4\\x89\\x9f\\x8a\\xa1\\x12\\x8b\\xc9\\xd9\\x10\\x93\\xe7\\xa4\\x\n\t\t\t   98\\x26\\xad\\xdb\\xda\\x42\\x44\\x4f\\x9f\\x8e\\xf2\\xc3\\x69\\xf0\\x20\\x91\\x13\\x65\\x43\n\t\t\t   \\x65\\x5c\\x99\\xd8\\xb3\\x60\\xfa\\x99\\x68\\xb3\\x8a\\x45\\xa4\\xe9\\x76\\x04\\x61\\xd5\\x\n\t\t\t   3f\\xd5\\x3c\\xaf\\x85\\x68\\x75\\xfc\\xf3\\x85\\x54\\xb1\\x67\\x36\\x92\\x4d\\x73\\xe2\\xf9\n\t\t\t   \\xb9\\xba\\xca\\x67\\xb5\\xcc\\x99\\x75\\x89\\x99\\x62\\x8d\\x30\\x7c\\x6e\\xed\\xa2\\x33\\x\n\t\t\t   3a\\xcf\\xb8\\x69\\x35\\xda\\x5d\\x94\\x4d\\x57\\x91\\x08\\x1b\\xc7\\xcd\\x97\\x71\\xb2\\x4b\n\t\t\t   \\xf7\\x9a\\x19\\xa5\\x61\\x58\\x6a\\x87\\x33\\x98\\xe5\\xc5\\xbb\\x1b\\xb8\\x2f\\xe8\\x64\\x\n\t\t\t   f3\\x12\\x94\\x1b\\x83\\xae\\x94\\xe9\\x4a\\x3e\\x6d\\x2b\\x8d\\x54\\xe2\\x4a\\xac\\x00\\x4f\n\t\t\t   \\x2c\\x3f\\x0c\\x38\\x82\\xd4\\xd6\\x7d\\x19\\xa4\\x1d\\xaa\\x55\\x17\\x7b\\xc3\\xee\\x68\\x\n\t\t\t   34\\xfa\\xb0\\x53\\x64\\xb4\\x03\\x18\\x17\\xce\\x97\\x87\\xfd\\x70\\xa0\\x8e\\xbd\\x7d\\x2b\n\t\t\t   \\xb8\\x50\\x9c\\x79\\x76\\x9e\\xb4\\x48\\xff\\x14\\x32\\x5f\\xe5\\x45\\x54\\x71\\xc1\\xc3\\x\n\t\t\t   80\\xae\\xfe\\x8d\\x3f\\xf7\\xfb\\xc8\\x7b\\x19\\xcb\\x15\\xae\\xa6\\x74\\x28\\xfa\\x36\\x3a\n\t\t\t   \\x18\\xbb\\xae\\x4a\\x7a\\x36\\x3a\\xf7\\x29\\xec\\x76\\xb2\\xb6\\x6d\\x52\\x7f\\x0d\\xb1\\x\n\t\t\t   b5\\xee\\x5f\\xe5\\xa1\\x4c\\x38\\x12\\xb5\\x88\\x2a\\x5a\\xf5\\xbd\\x0c\\x07\\x3c\\x74\\xb1\n\t\t\t   \\xdf\\x21\\xf5\\xbb\\x67\\x8c\\x91\\xfe\\x8c\\xa3\\x1a\\x7d\\x3c\\x8e\\x14\\xda\\x38\\x80\\x\n\t\t\t   ae\\xa7\\xee\\xb5\\xe8\\xf1\\xa5\\x34\\xdf\\xee\\x09\\x1f\\x94\\x03\\x88\\x9c\\xd6\\xf1\\x22\n\t\t\t   \\x66\\x27\\xee\\x99\\x18\\xd8\\x41\\xd2\\x37\\xe8\\x76\\x5a\\x96\\x6f\\x0d\\xc6\\x0c\\x8b\\x\n\t\t\t   2b\\x19\\xc4\\x80\\xcd\\xfc\\x1d\\x7d\\xf4\\xa7\\x08\\x16\\x36\\x60\\x54\\x19\\xda\\x94\\x82\n\t\t\t   \\xc1\\xa6\\x7e\\x57\\xf7\\xa3\\xca\\xea\\x71\\x19\\x6e\\x7a\\xba\\x9e\\x35\\x5d\\xa8\\x59\\x\n\t\t\t   d3\\x96\\xec\\x13\\xfd\\xda\\xa9\\x4e\\xd3\\x66\\x16\\x92\\x9a\\x3c\\x87\\x86\\x38\\x33\\x48\n\t\t\t   \\x13\\x21\\xe4\\xbd\\x69\\x18\\xd3\\x45\\x4e\\xa1\\x8b\\x1e\\x57\\xcb\\xc3\\x9c\\xbe\\x29\\x\n\t\t\t   32\\x49\\x15\\x71\\x6a\\x0d\\x77\\xdb\\x4b\\xe0\\x5a\\x17\\x3a\\xe8\\x04\\x3f\\xf8\\x04\\x0d\n\t\t\t   \\x4b\\xa8\\x6f\\x66\\x3a\\x84\\x84\\xf6\\x9c\\xa8\\x12\\x02\\x3b\\x41\\xce\\xad\\x3a\\x4a\\x\n\t\t\t   4e\\x32\\xee\\x71\\x79\\x03\\x1e\\xfd\\xcb\\x1f\\x56\\xff\\x19\\x81\\x2d\\xfd\\x03\\x56\\xd9\n\t\t\t   \\xea\\x27\\x78\\xa5\\x49\\x7e\\x77\\x71\\x27\\x60\\xbe\\x98\\xf9\\x0f\\x44\\x80\\x08\\x94\\x\n\t\t\t   e1\\xed\\xe6\\xa7\\x1b\\x61\\x0a\\x35\\xfd\\xc2\\xf8\\x55\\x5b\\x0f\\x3b\\x66\\x51\\x5e\\x67\n\t\t\t   \\x4e\\xfb\\x8c\\xab\\xee\\x6d\\x83\\xb4\\xe6\\xb0\\x60\\x30\\x48\\x9c\\x0c\\xe5\\xb9\\xe5\\x\n\t\t\t   43\\x77\\x82\\x2b\\xa6\\xc6\\xd1\\x02\\x50\\x07\\xa7\\x27\\x75\\x1f\\xaf\\xc8\\x5a\\x53\\xf0\n\t\t\t   \\xd2\\x5c\\x60\\x51\\x84\\xf6\\x0c\\xf8\\xeb\\xb9\\x93\\x2e\\xc9\\x97\\x58\\xf7\\xa9\\x42\\x\n\t\t\t   9b\\xb7\\xce\\x25\\x97\\xce\\x6a\\xfc\\xfd\\x8a\\xa6\\xc3\\xb5\\xc9\\xc1\\x71\\xa4\\xa2\\x6f\n\t\t\t   \\x9f\\x62\\xb2\\xd1\\xdb\\x91\\x8b\\xdf\\x05\\x7c\\xe9\\x0d\\x98\\xc4\\x19\\xc3\\x6f\\xd9\\x\n\t\t\t   5e\\x48\\xf0\\x4c\\x16\\xf1\\x51\\x87\\x9c\\x6d\\x73\\x1a\\x84\\x30\\x75\\x3a\\x32\\x80\\x4c\n\t\t\t   \\xd2\\x40\\x9c\\xb0\\x50\\xf3\\xa1\\xb9\\x8a\\x3a\\xff\\xc7\\x50\\x09\\xc0\\xfc\\xff\\x21\\x\n\t\t\t   eb\\x0f\\x08\\x6a\\x90\\x87\\x86\\xc4\\xec\\xee\\x98\\xef\\xad\\x0d\\xd6\\x08\\x5b\\xfb\\x8f\n\t\t\t   \\xaa\\xad\\x38\\xa1\\xc3\\xe0\\xc4\\x80\\x96\\x7f\\x33\\xd8\\x3f\\x8f\\x94\\x7f\\xe3\\xd0\\x\n\t\t\t   8d\\x72\\xb3\\x43\\x29\\xcc\\xf7\\x28\\xdc\\xce\\x38\\x02\\x62\\x27\\xbf\\x05\\x27\\x04\\xbb\n\t\t\t   \\xb8\\xaa\\x20\\xd1\\x03\\x4d\\x47\\xe7\\x68\\xb4\\xfe\\xe6\\xdb\\xa1\\x6d\\x2f\\x33\\x66\\x\n\t\t\t   45\\x29\\x34\\x77\\x9b\\x62\\x96\\x68\\x93\\x02\\x0a\\x07\\x83\\xbe\\xbc\\x20\\x28\\x1c\\x10\n\t\t\t   \\xc2\\xb3\\x54\\x39\\xf7\\x74\\xa0\\x2d\\x60\\x37\\xa8\\xd6\\x8f\\x6b\\x56\\x71\\x8a\\x9a\\x\n\t\t\t   9e\\x79\\x1f\\x64\\x94\\xea\\x78\\xbc\\xf4\\xfb\\xc4\\xe1\\xfe\\x88\\xe4\\xc1\\x84\\xc1\\xaf\n\t\t\t   \\xa8\\xf7\\x8b\\x3b\\xb7\\xde\\x97\\xfa\\x91\\x62\\xd6\\xba\\x1a\\x91\\x1d\\xd8\\xf9\\x4a\\x\n\t\t\t   b7\\xda\\x1e\\x14\\xd6\\x6b\\x54\\x88\\xa8\\x89\\x45\\xa2\\xce\\x3c\\x4b\\xd3\\xdc\\xdc\\x56\n\t\t\t   \\x93\\x9b\\x15\\xe4\\x58\\xdf\\xb8\\x3f\\xcc\\x5b\\x38\\xd1\\xfa\\x92\\x14\\x0c\\xd5\\xb1\\x\n\t\t\t   d2\\xe0\\xca\\xf1\\xe0\\x4b\\xc3\\x30\\x74\\x8f\\xf8\\x0d\\xb1\\x91\\x84\\xd4\\x3b\\xe5\\xfb\n\t\t\t   \\x8a\\x33\\xcb\\xcb\\xf5\\x4f\\x5f\\x0c\\xc6\\xb1\\x21\\x78\\xb9\\xa5\\x39\\xfe\\x05\\x31\\x\n\t\t\t   61\\x73\\x4d\\xba\\xaa\\xbb\\xf3\\x81\\x22\\x1d\\xea\\xbf\\x74\\x82\\xd5\\x3f\\x6b\\xcf\\x7c\n\t\t\t   \\xa3\\x5b\\xb0\\x8a\\x47\\x7b\\xcd\\x92\\x85\\xb0\\x78\\xcf\\x9a\\xaf\\xca\\x62\\x94\\x77\\x\n\t\t\t   ec\\x82\\x3d\\xde\\x8d\\xfc\\x24\\xa4\\x39\\xb9\\xb6\\x63\\x39\\x37\\x20\\x2c\\xc2\\x46\\xed\n\t\t\t   \\xbb\\xba\\x33\\xb1\\x15\\xe8\\x12\\xc6\\x1b\\x7d\\x6e\\x77\\x90\\xb1\\xf1\\x84\\xd3\\x6a\\x\n\t\t\t   6b\\x3b\\x50\\x2b\\x0a\\xec\\xad\\x97\\x7d\\x59\\xf6\\x17"
        }
    },
    {
        "Ethernet Frame 56": {
            "Description": "Destination: 00:0C:29:BA:15:54, Source: E8:F7:24:B9:19:EE, Protocol: 8",
            "IPv4_Packet": "Version: 4, Header Length: 20, TTL: 107, Protocol: 6, Source: 64.4.54.254, Target: 10.152.164.67",
            "TCP_Segment": "Source Port: 443, Destination Port: 54750, Sequence: 2228462764, Acknowledgment: 1694439961",
            "TCP_flags": "URG: 0, ACK: 1, PSH: 0, RST: 0, SYN: 0, FIN:0",
            "TCP_Data": "\t\t\t   \\x00\\x00\\x00\\x00\\x00\\x00"
        }
    },
    {
        "Ethernet Frame 57": {
            "Description": "Destination: 00:0C:29:BA:15:54, Source: E8:F7:24:B9:19:EE, Protocol: 8",
            "IPv4_Packet": "Version: 4, Header Length: 20, TTL: 107, Protocol: 6, Source: 64.4.54.254, Target: 10.152.164.67",
            "TCP_Segment": "Source Port: 443, Destination Port: 54750, Sequence: 2228462764, Acknowledgment: 1694439961",
            "TCP_flags": "URG: 0, ACK: 1, PSH: 1, RST: 0, SYN: 0, FIN:1",
            "TCP_Data": "\t\t\t   \\x17\\x03\\x03\\x01\\x35\\x00\\x00\\x00\\x00\\x00\\x00\\x00\\x01\\x91\\xf5\\x98\\x7f\\xeb\\x\n\t\t\t   68\\x1e\\x57\\x11\\x68\\xcc\\x2e\\xb0\\x4d\\xb3\\x66\\x12\\x17\\x69\\xbe\\xd7\\x87\\x89\\xd9\n\t\t\t   \\x59\\xfb\\xd9\\x55\\x86\\xfb\\x85\\x5b\\x34\\xd0\\xfb\\x58\\x3e\\xf1\\x46\\x3c\\x83\\x8e\\x\n\t\t\t   37\\x9d\\x74\\x62\\x79\\x6b\\x08\\x18\\xee\\x66\\xdf\\x89\\xc9\\x67\\x20\\x94\\xb2\\x7b\\x78\n\t\t\t   \\x25\\x4a\\xc2\\xdf\\xc8\\xaa\\x14\\xd1\\xaa\\xe7\\xb3\\xbe\\x9a\\x9e\\x4d\\x98\\x89\\x22\\x\n\t\t\t   fc\\xa6\\xa9\\xa9\\x1e\\x92\\xa7\\xa3\\xa7\\x59\\xef\\x99\\x86\\x4c\\xc5\\x3b\\xfa\\x8e\\x0b\n\t\t\t   \\x05\\x2f\\x80\\xe0\\x9c\\x1a\\x7a\\x2b\\x44\\x12\\x76\\xd8\\xf8\\x1c\\x52\\x4f\\x6b\\xc1\\x\n\t\t\t   22\\xb6\\x4f\\xb2\\x36\\x18\\x73\\xf4\\xf0\\x36\\xb5\\xd9\\x10\\x5a\\xb2\\xb1\\x8c\\xd1\\xdb\n\t\t\t   \\x9c\\x75\\x00\\x8e\\xdd\\x93\\x9f\\xea\\xd6\\x36\\xb3\\x24\\xe1\\xd3\\xdd\\x16\\x07\\x03\\x\n\t\t\t   da\\x40\\xb9\\x3b\\xb6\\x5c\\xb0\\x4d\\x35\\x9c\\x2b\\x6a\\x48\\x32\\x84\\xfd\\xde\\xe8\\xee\n\t\t\t   \\xac\\x3f\\x06\\x65\\x28\\xcc\\x86\\x6e\\xd4\\xdc\\x32\\x12\\x41\\x48\\x53\\xc9\\x74\\xb2\\x\n\t\t\t   a4\\x54\\x13\\x76\\xc8\\x79\\x62\\x6d\\xd2\\xeb\\x3e\\x96\\x5b\\xf9\\x9a\\x27\\x2e\\xc5\\xcb\n\t\t\t   \\xaf\\x8b\\x58\\x87\\x16\\x77\\x48\\x63\\xb1\\x98\\xfc\\xd7\\xd8\\xa3\\xc4\\xf2\\x1b\\x3b\\x\n\t\t\t   e5\\xd6\\xfb\\xf0\\x4a\\x15\\xd8\\x79\\x6f\\x24\\xa8\\x95\\x54\\x61\\x72\\x81\\x0e\\x47\\xb3\n\t\t\t   \\xd3\\xf0\\xc1\\x36\\xc0\\x93\\xe2\\x04\\x3e\\x1f\\x77\\x1c\\x8c\\x26\\x21\\x30\\xfb\\x04\\x\n\t\t\t   c8\\xb4\\xc7\\x0f\\x0c\\x2b\\x47\\xcc\\xe4\\x72\\xa7\\xce\\xcd\\x54\\x5a\\xe0\\x7b\\x22\\xc9\n\t\t\t   \\x4a\\x04\\x2e\\xdf\\xa5\\x1d\\xb8\\x32\\x3c\\xc5\\x8c\\x51\\xd7\\x10\\x57\\x76\\xbf\\xa6"
        }
    },
    {
        "Ethernet Frame 58": {
            "Description": "Destination: E8:F7:24:B9:19:EE, Source: 00:0C:29:BA:15:54, Protocol: 8",
            "IPv4_Packet": "Version: 4, Header Length: 20, TTL: 64, Protocol: 6, Source: 10.152.164.67, Target: 64.4.54.254",
            "TCP_Segment": "Source Port: 54750, Destination Port: 443, Sequence: 1694439961, Acknowledgment: 2228463079",
            "TCP_flags": "URG: 0, ACK: 1, PSH: 1, RST: 0, SYN: 0, FIN:0",
            "TCP_Data": "\t\t\t   \\x15\\x03\\x03\\x00\\x1a\\x00\\x00\\x00\\x00\\x00\\x00\\x00\\x02\\xba\\xba\\xdf\\x99\\x06\\x\n\t\t\t   4d\\x1f\\x75\\x0f\\x18\\xd7\\xad\\x38\\x76\\x05\\x7a\\x9c\\xd2"
        }
    },
    {
        "Ethernet Frame 59": {
            "Description": "Destination: E8:F7:24:B9:19:EE, Source: 00:0C:29:BA:15:54, Protocol: 8",
            "IPv4_Packet": "Version: 4, Header Length: 20, TTL: 64, Protocol: 6, Source: 10.152.164.67, Target: 64.4.54.254",
            "TCP_Segment": "Source Port: 54750, Destination Port: 443, Sequence: 1694439992, Acknowledgment: 2228463079",
            "TCP_flags": "URG: 0, ACK: 1, PSH: 0, RST: 0, SYN: 0, FIN:1"
        }
    },
    {
        "Ethernet Frame 60": {
            "Description": "Destination: 00:0C:29:BA:15:54, Source: E8:F7:24:B9:19:EE, Protocol: 8",
            "IPv4_Packet": "Version: 4, Header Length: 20, TTL: 107, Protocol: 6, Source: 64.4.54.254, Target: 10.152.164.67",
            "TCP_Segment": "Source Port: 443, Destination Port: 54750, Sequence: 2228463079, Acknowledgment: 1694439993",
            "TCP_flags": "URG: 0, ACK: 1, PSH: 0, RST: 0, SYN: 0, FIN:0",
            "TCP_Data": "\t\t\t   \\x00\\x00\\x00\\x00\\x00\\x00"
        }
    },
    {
        "Ethernet Frame 61": {
            "Description": "Destination: FF:FF:FF:FF:FF:FF, Source: 48:4D:7E:D8:DF:FE, Protocol: 1544",
            "Ethernet_Data": "\t   \\x00\\x01\\x08\\x00\\x06\\x04\\x00\\x01\\x48\\x4d\\x7e\\xd8\\xdf\\xfe\\xc0\\xa8\\x01\\x55\\x00\n\t   \\x00\\x00\\x00\\x00\\x00\\xc0\\xa8\\x01\\x01\\x00\\x00\\x00\\x00\\x00\\x00\\x00\\x00\\x00\\x00\n\t   \\x00\\x00\\x00\\x00\\x00\\x00\\x00\\x00"
        }
    },
    {
        "Ethernet Frame 62": {
            "Description": "Destination: FF:FF:FF:FF:FF:FF, Source: 48:4D:7E:D8:DF:FE, Protocol: 1544",
            "Ethernet_Data": "\t   \\x00\\x01\\x08\\x00\\x06\\x04\\x00\\x01\\x48\\x4d\\x7e\\xd8\\xdf\\xfe\\xc0\\xa8\\x01\\x55\\x00\n\t   \\x00\\x00\\x00\\x00\\x00\\xc0\\xa8\\x01\\x01\\x00\\x00\\x00\\x00\\x00\\x00\\x00\\x00\\x00\\x00\n\t   \\x00\\x00\\x00\\x00\\x00\\x00\\x00\\x00"
        }
    },
    {
        "Ethernet Frame 63": {
            "Description": "Destination: FF:FF:FF:FF:FF:FF, Source: 48:4D:7E:D8:DF:FE, Protocol: 1544",
            "Ethernet_Data": "\t   \\x00\\x01\\x08\\x00\\x06\\x04\\x00\\x01\\x48\\x4d\\x7e\\xd8\\xdf\\xfe\\xc0\\xa8\\x01\\x55\\x00\n\t   \\x00\\x00\\x00\\x00\\x00\\xc0\\xa8\\x01\\x01\\x00\\x00\\x00\\x00\\x00\\x00\\x00\\x00\\x00\\x00\n\t   \\x00\\x00\\x00\\x00\\x00\\x00\\x00\\x00"
        }
    },
    {
        "Ethernet Frame 64": {
            "Description": "Destination: FF:FF:FF:FF:FF:FF, Source: 48:4D:7E:D8:DF:FE, Protocol: 1544",
            "Ethernet_Data": "\t   \\x00\\x01\\x08\\x00\\x06\\x04\\x00\\x01\\x48\\x4d\\x7e\\xd8\\xdf\\xfe\\xc0\\xa8\\x01\\x55\\x00\n\t   \\x00\\x00\\x00\\x00\\x00\\xc0\\xa8\\x01\\x01\\x00\\x00\\x00\\x00\\x00\\x00\\x00\\x00\\x00\\x00\n\t   \\x00\\x00\\x00\\x00\\x00\\x00\\x00\\x00"
        }
    },
    {
        "Ethernet Frame 65": {
            "Description": "Destination: FF:FF:FF:FF:FF:FF, Source: 48:4D:7E:D8:DF:FE, Protocol: 1544",
            "Ethernet_Data": "\t   \\x00\\x01\\x08\\x00\\x06\\x04\\x00\\x01\\x48\\x4d\\x7e\\xd8\\xdf\\xfe\\xc0\\xa8\\x01\\x55\\x00\n\t   \\x00\\x00\\x00\\x00\\x00\\xc0\\xa8\\x01\\x01\\x00\\x00\\x00\\x00\\x00\\x00\\x00\\x00\\x00\\x00\n\t   \\x00\\x00\\x00\\x00\\x00\\x00\\x00\\x00"
        }
    },
    {
        "Ethernet Frame 66": {
            "Description": "Destination: FF:FF:FF:FF:FF:FF, Source: 48:4D:7E:D8:DF:FE, Protocol: 1544",
            "Ethernet_Data": "\t   \\x00\\x01\\x08\\x00\\x06\\x04\\x00\\x01\\x48\\x4d\\x7e\\xd8\\xdf\\xfe\\xc0\\xa8\\x01\\x55\\x00\n\t   \\x00\\x00\\x00\\x00\\x00\\xc0\\xa8\\x01\\x01\\x00\\x00\\x00\\x00\\x00\\x00\\x00\\x00\\x00\\x00\n\t   \\x00\\x00\\x00\\x00\\x00\\x00\\x00\\x00"
        }
    },
    {
        "Ethernet Frame 67": {
            "Description": "Destination: FF:FF:FF:FF:FF:FF, Source: 48:4D:7E:D8:DB:43, Protocol: 1544",
            "Ethernet_Data": "\t   \\x00\\x01\\x08\\x00\\x06\\x04\\x00\\x01\\x48\\x4d\\x7e\\xd8\\xdb\\x43\\xc0\\xa8\\x01\\x62\\x00\n\t   \\x00\\x00\\x00\\x00\\x00\\xc0\\xa8\\x01\\x01\\x00\\x00\\x00\\x00\\x00\\x00\\x00\\x00\\x00\\x00\n\t   \\x00\\x00\\x00\\x00\\x00\\x00\\x00\\x00"
        }
    },
    {
        "Ethernet Frame 68": {
            "Description": "Destination: FF:FF:FF:FF:FF:FF, Source: 48:4D:7E:D8:DB:43, Protocol: 1544",
            "Ethernet_Data": "\t   \\x00\\x01\\x08\\x00\\x06\\x04\\x00\\x01\\x48\\x4d\\x7e\\xd8\\xdb\\x43\\xc0\\xa8\\x01\\x62\\x00\n\t   \\x00\\x00\\x00\\x00\\x00\\xc0\\xa8\\x01\\x01\\x00\\x00\\x00\\x00\\x00\\x00\\x00\\x00\\x00\\x00\n\t   \\x00\\x00\\x00\\x00\\x00\\x00\\x00\\x00"
        }
    },
    {
        "Ethernet Frame 69": {
            "Description": "Destination: FF:FF:FF:FF:FF:FF, Source: 48:4D:7E:D8:DF:FE, Protocol: 1544",
            "Ethernet_Data": "\t   \\x00\\x01\\x08\\x00\\x06\\x04\\x00\\x01\\x48\\x4d\\x7e\\xd8\\xdf\\xfe\\xc0\\xa8\\x01\\x55\\x00\n\t   \\x00\\x00\\x00\\x00\\x00\\xc0\\xa8\\x01\\x01\\x00\\x00\\x00\\x00\\x00\\x00\\x00\\x00\\x00\\x00\n\t   \\x00\\x00\\x00\\x00\\x00\\x00\\x00\\x00"
        }
    },
    {
        "Ethernet Frame 70": {
            "Description": "Destination: FF:FF:FF:FF:FF:FF, Source: 48:4D:7E:D8:DB:43, Protocol: 1544",
            "Ethernet_Data": "\t   \\x00\\x01\\x08\\x00\\x06\\x04\\x00\\x01\\x48\\x4d\\x7e\\xd8\\xdb\\x43\\xc0\\xa8\\x01\\x62\\x00\n\t   \\x00\\x00\\x00\\x00\\x00\\xc0\\xa8\\x01\\x01\\x00\\x00\\x00\\x00\\x00\\x00\\x00\\x00\\x00\\x00\n\t   \\x00\\x00\\x00\\x00\\x00\\x00\\x00\\x00"
        }
    },
    {
        "Ethernet Frame 71": {
            "Description": "Destination: FF:FF:FF:FF:FF:FF, Source: 48:4D:7E:D8:DF:FE, Protocol: 1544",
            "Ethernet_Data": "\t   \\x00\\x01\\x08\\x00\\x06\\x04\\x00\\x01\\x48\\x4d\\x7e\\xd8\\xdf\\xfe\\xc0\\xa8\\x01\\x55\\x00\n\t   \\x00\\x00\\x00\\x00\\x00\\xc0\\xa8\\x01\\x01\\x00\\x00\\x00\\x00\\x00\\x00\\x00\\x00\\x00\\x00\n\t   \\x00\\x00\\x00\\x00\\x00\\x00\\x00\\x00"
        }
    },
    {
        "Ethernet Frame 72": {
            "Description": "Destination: FF:FF:FF:FF:FF:FF, Source: 48:4D:7E:D8:DF:FE, Protocol: 1544",
            "Ethernet_Data": "\t   \\x00\\x01\\x08\\x00\\x06\\x04\\x00\\x01\\x48\\x4d\\x7e\\xd8\\xdf\\xfe\\xc0\\xa8\\x01\\x55\\x00\n\t   \\x00\\x00\\x00\\x00\\x00\\xc0\\xa8\\x01\\x01\\x00\\x00\\x00\\x00\\x00\\x00\\x00\\x00\\x00\\x00\n\t   \\x00\\x00\\x00\\x00\\x00\\x00\\x00\\x00"
        }
    }
]